hospital_name,address
A C HOSPITAL,"3RD MAIN ROAD,,UNITED INDIA NAGAR,AYANAVARAM,,CHENNAI"
A V M HOSPITAL,"158,GOVINDAPPA NAICKEN STREET.,CHENNAI,"
A V M MEDICAL CENTRE,"2, P.S.SIVASAMY SALAI,,MYLAPORE,,CHENNAI"
A.K.HOSPITAL,"360, P.H.ROAD,,AMINJIKARAI,,CHENNAI"
A.K.N.NURSING HOME,"20, KELLYS ROAD,,CHENNAI,"
A.V.HOSPITAL,"155, L.B.ROAD,,THIRUVANMIYUR,,CHENNAI"
A.V.HOSPITAL,"172, SOLAIAPPAN STREET,CHENNAI,"
A.V.HOSPITAL,"NO.1, SUNDAR RAJAA STREET,,ABIRAMAPURAM,,CHENNAI"
A4 HOSPITAL,"NO.10, RADHAKRISHNAN ST, STATE BANK STAFF COLONY ,VALASARAVAKKAM ,CHENNAI"
AAKASH FERTILITY CENTRE,"64, LAKE VIEW ROAD,,WEST MAMBALAM,,CHENNAI"
AAKASH FERTILITY CENTRE AND HOSPITAL,"10, JAWAHARLAL NEHRU ROAD,VADAPALANI,,CHENNAI"
AAKASH HOSPITAL,"395,T.H.ROAD,THIRUVOTTIYUR,AJAX"
AAKASH HOSPITAL,"NO.393/1 T.H. ROAD,THIRUVOTRIYUR,CHENNAI"
AALAYAA HOSPITAL,"22-A, PILLAIYAR KOIL STREET,,VADAPALANI,,CHENNAI"
AAROKIA HOSPITAL,"7/22-A, PILLAIYAR KOIL STREET,,ARCOT HIGH ROAD,,VADAPALANI, CHENNAI"
AAROKIA HOSPITAL WOMEN AND CHILDREN HEALTH CENTRE,"OLD NO.22-A, NEW NO.7, PILLAIYAR KOIL STREET, ARCOT ROAD, OPP.RAM THEATRE ,VADAPALANI,,CHENNAI,"
AASHARA HOSPITAL,"1086, OFFICERS COLONY, ,ANNANAGAR WEST EXTENSION,,CHENNAI"
AATHITHYAN HOSPITAL,"549, T.H.ROAD,,CHENNAI,"
AB HOSPITAL,"PARRY SALAI, ,4TH BLOCK MUGAAPAIR EAST,CHENNAI"
ABHIJAY HOSPITAL,"22/2 ESI HOSPITAL ROAD,,PERAVALLUR,CHENNAI"
ABHIJAY HOSPITAL PRIVATE LTD,"NO 22/2 ESI HOSPITAL ROAD,,PERAVALLUR,CHENNAI"
ABHIJAY HOSPITAL PVT.LTD.,"22/2, ESI HOSPITAL ROAD,,PERAVALLORE,,CHENNAI"
ABIJAYA HOSPITAL,"NO.22/2,ESI HOSPITAL ROAD,,PERAVALLUR,CHENNAI"
AC HOSPITAL,"NO.8, THIRD MAIN ROAD, UNITED INDIA NAGAR,,AYANAVARAM, CHENNAI ,"
ADITYA HOSPITAL,"7, BARNABY ROAD,,KILPAUK,,CHENNAI"
ADYAR HEALTH POST,"NO.2, VENKATARATHINAM NAGAR,,ADYAR,,CHENNAI"
ADYAR P.M.HOSPITALS RESEARCH CENTRE PVT LTD.,"NO.58 A, L.B.ROAD,,ADYAR,,CHENNAI"
ADYAR P.M.HOSPITALS RESEARCH CENTRE PVT LTD.,"NO.58-A, L.B.ROAD,,ADYAR,,CHENNAI"
AGADA HEALTH CARE PVT. LTD.,"No.8, Dr. Nair Road, T. Nagar,,Chennai,"
AGADA HEALTH CARE PVT. Ltd.,"No.8, Dr. Nair Road, T. Nagar,,Chennai,"
AGARAM CWC,"9, SOMIAHRAJA STREET,,AGARAM,,CHENNAI"
AISWARYA HOSPITAL,"65A,MELPATTY PONNAPPAN ST,PERAMBUR,,CHENNAI,"
ALANDUR CWC,"NO.56, SOWRI STREET,ALANDUR,CHENNAI"
AMBAL CWC,"74, A.K.SWAMY NAGAR,,KELLYS,,CHENNAI"
AMBAL'S HOSPITAL,"113 AVVAI SHANMUGAM SALAI,ROYAPETTAH,CHENNAI"
AMMA HOSPITAL,"16, CHOOLAIMEDU HIGH ROAD,,CHENNAI,"
AMMINI CLINIC,"101, M.T.ROAD,,CHENNAI,"
AMRIT HOSPITAL,"310, MINT STREET,,SOWCARPET, CHENNAI,"
AMRIT HOSPITAL,"362, MINT STREET, ,SOWCARPET,,CHENNAI"
AMRIT MEDICAL CENTRE,"73/28, ALAGAPPA ROAD, ,PURASAIWALKAM,,CHENNAI"
ANAND HOSPITAL,"NO.201 KAMARAJAR STREET, MANALI CHENNAI,CHENNAI,"
ANAND HOSPITAL,"NO.201, KAMARAJAR SALAI,MANALI, CHENNAI,"
ANANTH HOSPITAL,",KAMARAJ SALAI,MANALI"
"ANGEL NURSING HOME,","66, TELUGU CHETTY STREET,,OLDWASHERMANPET,,CHENNAI"
ANITHA HOSPITAL,"PLOT NO.5279, 9TH STREET,,RAM NAGAR NORTH EXTENSION, PUZHUTHIVAKKAM,,CHENNAI"
ANN HOSPITAL,"81,85,ANNAI THERASA STREET, INDIRA NAGAR,VALASARAVAKKAM,CHENNAI"
ANN HOSPITAL,"NO.81-86, ANNAI THERASA STREET, ,VALASARAVAKKAM,,CHENNAI"
ANNAI HOSPITAL,"325, WEST AVENUE ROAD,,MKB NAGAR,,CHENNAI"
ANNAI HOSPITAL,"855,T. H. ROAD,THIRUVOTTIYUR,CLOSED"
ANNAI HOSPITAL,"NO.121/60, KALIAMMAN KOIL STREET,,GANAPATHY RAJ NAGAR,,VIRUGAMBAKKAM, CHENNAI"
ANNAI HOSPITAL,"NO.67/1 T.H. ROAD,THANGAL,CHENNAI"
ANNAI MULTISPECIALITY HOSPITAL,"121/60, KALIAMMAN KOIL STREET,,GANAPATHIRAJ NAGAR, VIRUGAMBAKKAM,,CHENNAI"
ANNAMALAI HOSPITAL,"NO.27, GOVINDAN ROAD,WEST MAMBALAM,CHENNAI"
ANU NURSING HOME,"2/22, VANI NAGAR,VALASARAVAKKAM,CHENNAI"
ANURADHA MATERNITY CENTRE,"15, DHANDAPANI STREET,,T.NAGAR,,CHENNAI"
APOLLO CHILDRENS HOSPITAL,"NO.15, A and B, SHAFI MOHAMMED ROAD,THOUSAND LIGHTS,CHENNAI"
APOLLO CHILDRENS HOSPITAL,"NO.15, A&B, SHAFI MOHAMMED ROAD,THOUSAND LIGHTS,CHENNAI"
APOLLO CITY CENTRE,"134/A, MINT STREET,SOWCARPET,CHENNAI"
APOLLO CITY CENTRE,"NO.134 MINT STREET,,SOWCARPET,CHENNAI"
APOLLO FIRST MED HOSPITAL,"P.H.ROAD,,CHENNAI,"
APOLLO HOSPITAL,"646, T.H.ROAD,,TONDIARPET,,CHENNAI"
APOLLO HOSPITAL,"SOWCARPET,,.,CHENNAI"
APOLLO HOSPITALS,"21, GREAMS LANE,CHENNAI ,"
APOLLO HOSPITALS,"21, GREAMS LANE,CHENNAI ,,INDIA"
APOLLO HOSPITALS ENTERPRISE LTD,"OLD NO. 2/102, NEW NO, 2/319, OLD MAHABALIPURAM,KARAPAKKAM,CHENNAI"
APOLLO HOSPITALS ENTERPRISES LTD.,"16, SHAFFE MOHAMMED ROAD,,THOUSAND LIGHT,,CHENNAI"
APOLLO MEDICAL CENTRE,"Old No.2/102, New No.2/319,,Old Mahabalipuram Road,,Karapakkam, Chennai-"
APOLLO PROTON CANCER CENTRE,"4/661, DR.VIKRAM SARABAI INSTRONIC ESTATE,,7TH STREET, TARAMANI,,CHENNAI"
APOLLO SPECIALITY HOSPITAL,"320, MOUNT ROAD,,CHENNAI,"
APOLLO SPECIALITY HOSPITALS,"NO. 5/639, OLD MAHABALIPURAM ROAD,,PERUNGUDI,,CHENNAI"
APOLLO SPECIALTY HOSPITALS PRIVATE LIMITED,"PLOT NO 41/42, 53/54, SATHYADEV AVENUE,,MRC NAGAR, R.A. PURAM,,CHENNAI"
APPASAMY HOSPITAL,"191, 100FT.ROAD,,VELACHERY,,CHENNAI"
APPASAMY MULTI SPECIALITY HOSPITAL,"NO.23, FRIENDS AVENUE,,ARUMBAKKAM,,CHENNAI"
APPLE HOSPITAL,"NO. 43/1&2, MADHAVARAM HIGH ROAD,PERAMBUR,CHENNAI"
APPLE HOSPITAL,"NO.43/1, 2 MADHAVARAM HIGH ROAD,,CHENNAI,CHENNAI"
ARA HOSPITAL FOR WOMEN,"NO.32B MUTHIAH STREET,ROYAPETTAH,CHENNAI"
ARAVIND CLINIC,"6, IST LANE, MURUGAN NAGAR,,KOLATHUR,,CHENNAI"
ARAVINTH CLINIC,"3,P.P.DHARGA ROAD,THIRUVOTTIYUR,SATHANGADU"
ARC INTERNATIONAL FERTILITY AND RESEARCH CENTRE,"NO.114 CORPORATION ROAD,PERUNGUDI,CHENNAI"
ARC INTERNATIONAL FERTILITY REASERCH CENTER,"NO.1, ETHIRAJ SALAI, EGMORE, ,CHENNAI,"
ARC INTERNATIONAL FERTILITY REASERCH CENTRE,"NO. 114, CORPORATION ROAD,,PERUNGUDI,CHENNAI"
ARJUN POLY CLINIC,"482,MEENAMBAL ROAD,,KANNADASAN NAGAR,,CHENNAI"
ARK HOSPITAL,"188, Gandhi Road,,Velachery,,Chennai"
AROKYA HOSPITAL,"32, PILLAYAR KOIL STREET,,NESAPAKKAM,WEST K.K.NAGAR,,CHENNAI"
AROKYA NURSING HOME,"ENNORE HIGH ROAD,,SUNDARAM PILLAI STREET,,CHENNAI"
ARUJUN POLY CLINIC,"482, MEENAMBAL ROAD,,KANNADASAN NAGAR,,CHENNAI"
ARUL HOSPITAL,"58/25, VENUGOPALSAMY KOIL STREET,PERAMBUR,CHENNAI"
ARUMUGAM NURSING HOME,"764-A, P.H.ROAD,,CHENNAI,"
ARUN HOSPITAL,"15/32,PILLAIYAR KOIL ST,TONDIARPET,CH.81"
ARUN VIJAYA HOSPITAL PVT. LTD.,"1059/1, Munusamy saalai . ,K.K. Nagar,,Chennai"
ARUN VIJAYA HOSPITAL Pvt. Ltd.,"1059/1, Munusamy saalai . ,K.K. Nagar,,Chennai"
ASTRA ORTHO N SPINE CENTER,"NO.9, RADHA MOHAN STREET, SANKARAN AVENUE, ,VELACHERY BYPASS ROAD, VELACHERY, ,CHENNAI"
ASTRA SPECIALITY HOSPITAL,"NO.707/724 NOOKAMPATAYAM LINK ROAD,CHEMMANCHERRY,CHENNAI"
ASWINI SOUNDARIA NURSING HOME,"NO.24 KASTHURI RANGAN ROAD,TEYNAMPET,CHENNAI"
"ATHIPATHI HOSPITAL AND RESEARCH CENTRE,","PLOT NO.1, 100 FEET ROAD,,TANSI NAGAR,,VELACHERY, CHENNAI"
AYANAVARAM CWC,"AYANAVARAM MARKET,NEAR JOINT OFFICE,CHENNAI"
AYSHA HOSPITAL P LTD.,"91-A, MILLERS ROAD, ,KILPAUK,,CHENNAI"
AYSHA HOSPITAL (P) LTD.,"91-A, MILLERS ROAD, ,KILPAUK,,CHENNAI"
AYYAVU MATERNITY HOSPITAL,"158, CORAL MERCHANT STREET,,CHENNAI,"
B B HOSPITAL,"10, DAYALU NAGAR, ,KOLATHUR,,CHENNAI"
B K MOHIDEEN NURSING HOME,"121 KAREEM SUBAHAR STREET,CHENNAI ,"
B R N GARDEN CWC,"225,BROADWAY ROAD,,CHENNAI,"
B.M. HOSPITAL,"36, 5TH MAIN ROAD,,NANGANALLUR,,CHENNAI"
B.M. HOSPITAL,"36, 5TH MAIN ROAD, ,NANGANALLUR,CHENNAI"
B.S.S.HOSPITAL,"NO.200, R.K. MUTT ROAD,,MANDAVELI,,CHENNAI"
BABURAJ CLINIC,"4,III RD MAIN K.K.ROAD VENKATAPURAM,CHENNAI,"
BAGDI NURSING HOME,"3RD FLOOR, NO.10, SOLAIAPPAN STREET,,T. NAGAR,,CHENNAI"
BALAHJI HOSPITAL,"164, IST AVENUE,,ASHOK NAGAR,,CHENNAI"
BALAJI HOSPITAL,"86/293,T.H.ROAD,,NEW WASHERMANPET,,CHENNAI"
BALAJI HOSPITAL,"CHURCH STREET,PUZHUTHIVAKKAM,PUZHUTHIVAKKAM,CHENNAI"
BALAJI HOSPITAL,"KAMARAJ SALAI,RAMAPURAM,CHENNAI"
BALAJI HOSPITAL,"KAMARAJAR NAGAR, SENTHAMIZH NAGAR, ,RAMAPURAM, ,CHENNAI"
BALAJI NURSING HOME,"3, 3RD STREET,,MALAVIYA AVENUE,,THIRUVANMIYUR, CHENNAI"
BALAKRISHNA EYE HOSPITAL,"OLD.NO.6, NEW NO.11, SASTRI I CROSS ST.,,KAVERI NAGAR, SAIDAPET,,CHENNAI"
BATOOLA HOSPITAL,"21 CHAMEARS ROAD ,VEPERY,CHENNAI"
BE WELL HOSPITAL,"106, PILLAYAR KOIL STREET,,ANNA NAGAR,,THIRUMANGALAM, CHENNAI"
BE WELL HOSPITAL,"NO.5A VIJAYARAGAVA ROAD, TNAGAR,CHENNAI,"
BE WELL HOSPITALS,"NO. 5A, VIJAYARAGHAV ROAD, ,T. NAGAR, ,CHENNAI"
BE WELL MN HOSPITALS,"NO.15, BANK STREET, KILPAUK,,CHENNAI,"
BEEMANNAPET HEALTH POST,"NO.31, C.P.RAMASWAMY ROAD,,ALWARPET,,CHENNAI"
BEGUM SAFIA HOSPITAL,"25, JAMALIYA NAGAR,,CHENNAI,"
BEGUM SHAFIA NAZIR HUSAIN TRUST HOSPITAL,"NO.25,JAMALIA NAGAR,PERAMBUR,CHENNAI-600012,CHENNAI,CHENNAI"
BETHANY HEALTH CENTRE,"CHETPET,,CHENNAI,"
BHARANI HOSPITAL,"22, ARCOT ROAD,,SALIGRAMAM,,CHENNAI"
BHARANI NURSING HOME,"62, FOXEN STREET,,PERAMBUR,,CHENNAI"
BHARAT HOSPITAL,"211, PERIYAR PATHAL,,CHOOLAIMEDU,,CHENNAI"
BHARATH HOSPITALS,"72, 1ST MAIN ROAD,, NANGANALLUR,CHENNAI"
BHARATHI RAJA SPECIALITY HOSPITAL,"20, G.N. CHETTY ROAD,T. NAGAR, CHENNAI,."
BHARATHI RAJAA HOSPITAL,"11, MADLEY ROAD,,T.NAGAR,,CHENNAI"
BHARATI FERTILITY CENTER,"OLD NO.21, NEW NO.49 VENKATAKRISHNA ROAD,,MANDAVELI, CHENNAI,"
BILLROTH HOSPITAL,"43, LAKSHMI TALKIES ROAD,,SHENOY NAGAR,,CHENNAI"
BILLROTH HOSPITAL R.A. PURAM,"52, SECOND MAIN ROAD,RAJA ANNAMALAI PURAM,CHENNAI"
BLOOM FERTILITY AND HEALTHCARE,"NO.32, TARAMANI LINK ROAD,,VELACHERY,CHENNAI"
BONE AND JOINT CLINIC,"AA.16, ANNA NAGAR,CHENNAI,"
BORA HOSPITAL,"39, SUBRAMANIA MUDALI STREET,,SAIDAPET,,CHENNAI"
BRAIN SPINE,"NO.42, FIRST MAIN ROAD, CIT NAGAR WEST NANDANAM, CHENNAI 600035, ,"
BRS HOSPITAL,"28 CATHEDRAL GARDEN STREET,NUNGAMBAKKAM ,CHENNAI"
C C NURSING HOME,"AP.937 AND 504, 12TH CENTRAL CROSS STREET,6TH MAIN ROAD, M.K.B.NAGAR,,CHENNAI"
C S I KALYANI GENERAL HOSPITAL,"15 DR RADHAKRISHNAN SALAI,MYLAPORE,CHENNAI"
C.K.M. HOSPITAL DR.KRISHNAMOORITI,"M.T.H. ROAD, VARADHARAJAPURAM,CHENNAI,"
C.M.HOSPITAL,"1, 47TH ST. 5TH MAIN ROAD, ,NANGANALLUR,CHENNAI"
C.S.I. RAINY HOSPITAL,"45, G.A.ROAD,,CHENNAI,"
C.S.I. RAINY HOSPITAL,"45, G.A.ROAD,,CHENNAI ,"
C.S.M.NURSING HOME,"10, RUKMANI STREET,,WEST MAMBALAM,,CHENNAI"
C.S.M.NURSING HOME,"NO.18, RUKMANI STREET WEST MAMBALAM,,CHENNAI,"
C.W.C.,"11, BEGUM SAHIB STREET,,ROYAPETTAH,,CHENNAI"
C.W.C.,"311, T.T.K.ROAD,,CHENNAI,"
"CANCER INSTITUTE WIA ,","SARDAR PATAL ROAD,,ADYAR,,CHENNAI"
"CANCER INSTITUTE (WIA),","SARDAR PATAL ROAD,,ADYAR,,CHENNAI"
CARE AND CURE SPECIALITY HOSPITAL,"NO.144/347, KONNUR HIGH ROAD, AYANAVARAM,,CHENNAI,"
CAUVERY TRUST HOSPITAL,"36, PONNANKINARU STREET,VILLIVAKKAM,CHENNAI"
CAUVERY TRUST HOSPITAL,"NO.36, PONNANKINARU STREET, VILLIVAKKAM,,CHENNAI ,"
CENTRE FOR BLOOD DISORDERS,"73, HABIBULLAH ROAD,T. NAGAR,CHENNAI"
CENTRE FOR BLOOD DISORDERS,"NO.24/73 HABIBULLAH ROAD,,NEXT OF PADMASHESHADRI SCHOOL,T.NAGAR CHENNAI"
CFC HOSPITAL,"79/129/,NELSON MANICKAM ROAD,,AMINJIKARAI,CHENNAI"
"CHAKRA MATERNITY CLINIC,","108, ELLAIAMMAN KOIL STREET,,WEST MAMBALAM,,CHENNAI"
CHARA HOSPITAL,"NO.31/59 T.H. ROAD,THIRUVOTRIYUR,CHENNAI"
CHATVMI HEALTH CENTRE,"NO.5, HIGH COURT COLONY MAIN STREET,,VILLIVAKKAM,,CHENNAI"
CHENNAI CANCER CARE,"KIILPAUK GARDEN ROAD,,KILPAUK,,CHENNAI"
CHENNAI EYE CARE HOSPITAL,"6, 12TH CROSS STREET,DHANDEESWARAN NAGAR,VELACHERY, CHENNAI"
CHENNAI FERTILITY CENTRE AND RESEARCH INSTITUTE,"17/129, NELSON MANICKAM ROAD,,AMINJIKARAI,,CHENNAI"
CHENNAI GUINDY GOVERNMENT CORONA HOSPITAL,"KING INSTITUTE CAMPUS, GUINDY,,BLOCK NO.6, SURVEY NO.1A AND 1B,,ALANDUR ROAD, CHENNAI"
CHENNAI KALIPPA HOSPITAL,"NO.43, IIND MAIN ROAD,,RAJA ANNAMALAI PURAM,,CHENNAI"
CHENNAI MEENAKSHI MULTISPECIALITY HOSPITAL LTD,"OLD NO.148, NEW NO.72, LUZ CHURCH ROAD,MYLAPORE, CHENNAI,"
CHENNAI NATIONAL HOSPITAL,"NO.12 JAFFER SERANG STREET,,2ND LINE BEACH,CHENNAI"
CHENNAI ORTHOPAEDIC CENTRE,"PLOT NO.12, RAMAKRISHNA NAGAR EXTENSION.,,VALASARAVAKKAM,CHENNAI"
CHENNAI PORT TRUST HOSPITAL,"RAJAJI SALAI,CHENNAI,CHENNAI"
CHENNAI UROLOGY AND ROBOTICS INSTITUTE PVT LTD,"NO.148,OMR,,OKKIAM THORAIPAKKAM,,CHENNAI"
CHETTINADU URBAN HEALTH CENTRE,"RAJIV GANDHI SALAI,KARAPAKKAM,CHENNAI"
CHILD WELFARE CENTRE,"31 T T K ROAD,CHENNAI ,"
CHILD WELFARE CENTRE,"KOSAPET,CHENNAI,"
CHILD WELFARE CENTRE,"LONG'S GARDEN, ,PUDUPET,,CHENNAI"
CHILD WELFARE CENTRE,"PUSHPA NAGAR,NUNGAMBAKKAM,CHENNAI"
CHILD WELFARE CENTRE,"THOUSAND LIGHT ,CHENNAI ,"
CHINDHU HOSPITAL,"NO. 35, KARANESSWARAR KOIL STREET,SAIDAPET,,CHENNAI"
CHINTHAMANI HOSPITAL,"NO:64,C-BLOCK, FIRST MAIN ROAD,,ANNA NAGAR,CHENNAI"
CHITRA MATERNITY AND SURGICAL CENTRE,"NO. 35, KARANEESWARAR KOIL STREET,SAIDAPET,CHENNAI"
CHITRAS ENT,"30-C CATHEDRAL GARDEN ROAD,,NUNGAMBAKKAM,CHENNAI"
CHOOLA I24HOURS HOSPITAL,"NO.33,OLD NO 69/3 HUNTERS ROAD, CHOOLAI,CHENNAI,CHENNAI"
CHOOLAI CWC,"23, V.V.KOIL STREET,,CHOOLAI,,CHENNAI"
CHOOLAI TWENTYFOUR HRS HOSPITAL,"N.NO.32, O.NO.69/3, HUNTERS ROAD,,CHOOLAI,,CHENNAI"
CHRISTIAN MISSIONS CHARITABLE TRUST,"72, SPURTANK ROAD,,CHETPET,,CHENNAI"
CITY POLICE HOSPITAL,"POLICE COMAND CHIEF ROOM,EGMORE,CHENNAI"
CITY TOWER HOSPITAL,"AA-10, II AVENUE,,ANNA NAGAR,,CHENNAI"
CMC HOSPITAL,"NO. 51 & 52, THIRUVALLUVAR SALAI,NESAPAKKAM, CHENNAI,"
COMMUNICABLE DISEASE HOSPITAL,"182, T.H.ROAD,,CHENNAI,"
COSMOPOLIS HOSPITALS,"2/5, 41ST STREET, 6TH AVENUE,,ASHOK NAGAR,,CHENNAI"
CRESENT HOSPITAL,"46 DR BESENT ROAD,CHENNAI ,"
CWC,"5, SIVAGNANAM ROAD,,T.NAGAR,,CHENNAI"
CWC KANNAMMAPET,"1, HOSPITAL ROAD,,T.NAGAR,CHENNAI"
CWC KOTURPURAM,"23, DANDAPANI NAGAR,,2ND STREET,,CHENNAI"
CWC PERIYAR NAGAR HEALTH CENTRE,"17, SERPUDHEEN STREET,,CHOOLAIMEDU,,CHENNAI"
CWC SAIDAPET,"51, JEENIS ROAD,,SAIDAPET,,CHENNAI"
"CWC,","40, K.B.DASAN ROAD,,TEYNAMPET,,CHENNAI"
D.R.J. NURSING HOME,"THATHANANG KUPPAM ,CHENNAI,"
DEVAKI HOSPITAL LTD.,"NO.148, LUZ CHURCH ROAD,,MYLAPORE,,CHENNAI"
DEVARAJ MANICKCHAND HOSPITAL,"10, VINAYAGA MUDALI STREET,,CHENNAI,"
DEVI CLINIC,"19, AYYAPPAN STREET, ,MANNADY,,CHENNAI"
DEVI HOSPITAL,"6,YADAVAL STREET,,VIRUGAMBAKKAM,,CHENNAI"
DHANVANTHIRI MULTI SPECIALITY HOSPITAL,"NO. 10/18, ARUMUGAM STREET,OLD WASHERMENPET,CHENNAI"
DIABETES RESEARCH INSTITUTE,"729, P.H. ROAD,AMINJIKARAI,CHENNAI"
DIVYA HOSPITAL,"81A, V V KOIL STREET,THIRUVALLEEWARAR NAGAR ,CHENNAI,"
DR .A. RAMACHANDRAN DIABETES HOSPITALS,"NO. 110, ANNA SALAI,,GUINDY,,CHENNAI"
DR .A. RAMACHANDRAN DIABETES HOSPITALS,"NO. 110, ANNA SALAI, ,GUINDY, ,CHENNAI"
DR B K JAYA LAKSHMI INTERTILITY CLINIC,"NO.MAHARAJA SURYA ROAD,ALWARPET,CHENNAI"
DR GUNASEKARAN CLINIC,"72 PETERS ROAD,ROYAPETTAH ,CHENNAI"
DR M Y AJMAL HIBA HOSPITAL,"53 OLD NO.25 BIG STREET,TRIPLICANE,CHENNAI"
DR R GOWRI JANANI CLINIC,"NO.22 SYNOJI STREET,TRIPLICANE,CHENNAI"
DR STAR BONE JOINT CENTRE,"2/3 PILLIAR KOIL STREET,,2ND LANE, TRIPLICANE,NEAR JAI KALYANAMANDAPAM, CHENNAI"
DR SUNDARAVATHANAM NURSING HOME,"950 POONAMALLEE HIGH ROAD,PURASAIWALKAM,CHENNAI"
DR V BALAJI DR V SESHIAH DIABETICS CARE AND RESEARCH INSTITUTE,"NO.729 PH ROAD ,AMJIKARAI,CHENNAI"
DR. JEYAM CHILDREN HOSPITAL,"2/614A, PHILLIPS STREET,NEELANKARAI,CHENNAI"
DR. KAMAKSHI MEMORIAL HOSPITAL,"01,RADIAL ROAD,PALLIKARANAI,CHENNAI"
DR. KANAGARAJ CLINIC,"58 KUYAVAR STREET MANNURPET ,CHENNAI,"
DR. LANKESH EYE HOSPITAL PVT LTD,"2/5, 41ST STREET,AHOK NAGAR,CHENNAI"
DR. MOHAN'S DIABETES SPEIALITES CENTRE,"68, CONRAN SMITH ROAD,GOPALAPURAM, CHENNAI,"
DR. MOHANS DIABETES SPEIALITES CENTRE,"68, CONRAN SMITH ROAD,GOPALAPURAM, CHENNAI,"
DR. PARTHASARATHY MEMORIAL HOSPITAL,"NO.20, SASTHRI NAGAR MAIN ROAD,,ADAMBAKKAM,,CHENNAI"
DR. R.K.NAGAR EOC,"TONDAIYARPET,,ZONE 4,CHENNAI"
DR. RADHA RAJENDRAN NURSING HOME P LTD.,"9, VEMBULIAMMAN KOVIL STREET,,ALANDUR,CHENNAI"
DR. RADHA RAJENDRAN NURSING HOME (P) LTD.,"9, VEMBULIAMMAN KOVIL STREET,,ALANDUR,CHENNAI"
DR. SENTHIL NURSING HOME,"52, IIND STREET KORATTUR ,CHENNAI,"
DR. SUCHITRA RAJ MOHAN CLINIC,"81,ECR,VETTUVANKENI,CHENNAI"
DR. V. SESHIAH DIABETES RESEARCH INSTITUTE,"729, P.H. ROAD,AMINJIKARAI,CHENNAI"
DR. V. SESHIAH DIABETES RESEARCH INSTITUTE,"NO. 729, P.H. ROAD,AMINJIKARAI,CHENNAI"
DR.AC ARULDAS HOSPITAL,"NO.56/2, VENUGOPALSWAY KOIL STREET,PERAMBUR,CHENNAI"
DR.ALAMELUR MANGAI NURSING MOME,"I.C.F.COLONY,CHENNAI,"
DR.B.LEELAVATHI NURSING HOME,"NO.1, NORTON 2ND STREET,,MANDAVELI,,CHENNAI"
DR.G.T.JOSHUA HOSPSITAL,"417/427, T.H.ROAD,,OLDWASHERMANPET,,CHENNAI"
DR.GUNASEKARAN NURSING HOME,"1, CRESENT PARK STREET,,T.NAGAR,,CHENNAI"
DR.MEERAS NURSING HOME,"142/9, AKSHAYA BUILDING,,PURASAWALKAM HIGH ROAD,,KELLYS, CHENNAI"
DR.MOHAN KAMESWARAN MADRAS ENT RESEARCH FOUNDATION,"15 P S SIVASWAMY SALAI ,MYLAPORE,CHENNAI"
"DR.MU.VA HOSPITAL,","SHENOY NAGAR,,CHENNAI,"
DR.RABINDRAN CLINIC,"96/212, MTH ROAD ,VENKATAPURAM,AMBATHUR"
"DR.RAJALAKSHMI NURSING HOME,","107-D, IST MAIN ROAD,,ANNA NAGAR,,CHENNAI"
DR.RAMANATHAN CLINIC,"123/81M.T.H. ROAD, VARADHARAJAPURAM,CHENNAI,"
DR.RAMASAMY CLINIC,"475, MTH ROAD, VARATHARAJAPURAM,CHENNAI,"
DR.REX HOSPITALS,"MILLERS ROAD,,KILPAUK,,CHENNAI"
DR.S.J. HOSPITAL,"30TH STREET TNEB ,CHENNAI,"
DR.SANTHOSHAM CHEST HOSPITAL,"NO.70 EGMORE HIGH ROAD,EGMORE,CHENNAI"
DR.SANTHOSHAM CHEST HOSPITAL,"NO.70 EGMORE HIGH ROAD,EGMORE,CHENNAI"
DR.U.MOHAN RAU MEMORIAL HOSPITAL,"NO.962,POONAMALLI HIGH ROAD, ,CHENNAI,"
DR.V.R.NAGAR CWC,"474, T.H.ROAD,,CHENNAI,"
DSR HEALTH CARE PRIVATE LIMITED,"542, T.T.K. ROAD, ,ALWARPET,,CHENNAI"
DURGA CLINIC,"NO.5/1, MICHEAL GARDEN,ANNAI THERASA STREET,RAMAPURAM, CHENNAI"
DURGABAI DESMUK GENERAL HOSPITAL,"NO.11, DURGABAI DESMUK ROAD,,RAJA ANNAMALAI PURAM,,CHENNAI"
Dr. R.K.NAGAR EOC,"TONDAIYARPET,,ZONE 4,CHENNAI"
E.N.T. CLINIC,"1,RANGA REDDY GARDEN,NEELANKARAI,CHENNAI"
E.S.I. HOSPITAL,"AMBATTUR,CHENNAI,"
E.V.KALYANI MEDICAL CENTRE,"DR.RADHAKRISHNAN HIGH ROAD,,CHENNAI,"
EESWAR MEDICAL FOUNDATION,"NO.1, BHARATHI NAGAR, REDHILLS ROAD, KOLATHUR,CHENNAI,CHENNAI,CHENNAI"
ELANGO NAGAR CWC,"18, DR.AMBEDKAR COLLEGE ROAD,,VYASARPADI,,CHENNAI"
ELIZABETH MOTHER CHILDREN HOSPITAL,"24 & 25, 200FT, INNER RING ROAD,,KOLATHUR,,CHENNAI"
ESHA HOSPITAL,"17/1, NEW THANDAVARAYA GRAMANI STREET,,OLD WASHERMENPET,,CHENNAI"
ESHA HOSPITAL,"NO 17/1 NEW THANDAVARAYA GRAMANI STREET,OLD WASHERMENPET,CHENNAI"
ESI HOSPITAL,"AYANAVARAM, CHENNAI, ,"
ESI HOSPITAL,"ESI HOSPITAL,AYNAVARAM,CHENNAI,"
ESI HOSPITAL,"MEDAVAKKAM TANK ROAD,AYANAVARAM,CHENNAI"
ESIC HOSPITAL,"K.K.NAGAR,CHENNAI,"
ESSVEE HOSPITAL,"506, MTH ROAD, RAM NAGAR,,CHENNAI,"
ESWAR MEDICAL FOUNDATION,"1, BHARATHI NAGAR, REDHILLS ROAD,,KOLATHUR,,CHENNAI"
ESWAR MEDICAL FOUNDATION,"NO.1, REDHILLS ROAD, BHARATHY NAGAR,CHENNAI,"
ESWARI NURSING HOME,"1/255, 10TH STREET,,SRP COLONY,,CHENNAI"
ESWARI NURSING HOME,"255, 10TH STREET,,S.R.P.COLONY,,CHENNAI"
EZHIL HOSPITAL,"183, T.H.ROAD,,TONDIARPET,,CHENNAI"
F.O.R ORTHO AND NEURO HOSPITAL,"NO.39,40,41 DHANARAJPURAM,KOLATHUR,CHENNAI"
FAITH MULTISPECIALTY HOSPITAL,"33/17, SANNATHI STREET,,VILLIVAKKAM,,CHENNAI"
FATHIMA NURSING HOME,"6, A.P.ARASU STREET,,MOOLAKADAI, ,CHENNAI"
FIRM HOSPITALS,"R BLOCK, NO.65, 12TH STREET,,ANNA NAGAR, CHENNAI,"
FORTIS,"NO.23/1,ARCOT ROAD,VADAPALANI"
FORTIS MALAR HOSPITALS LIMITED,"NO.52, 1ST MAIN ROAD,,GANDHI NAGAR, ADYAR,,CHENNAI"
FOURIYA HOSPITAL,"56 DR NATESAN ROAD,TRIPLICANE,CHENNAI"
FOUSIYA HOSPITAL,"NEW NO.119, OLD NO 56,,DR. NATESAN ROAD, TRIPLICANE,,CHENNAI"
FOUSIYA HOSPITAL,"NO-56,DR. NATESAN ROAD,,TRIPLICANE,CHENNAI"
FRONTIER LIFELINE HOSPITAL,"R-30-C, AMBATTUR INDUSTRIAL ESTATE ROAD,MOGAPAIR,CHENNAI"
G G HOSPITAL,"NO.6 N H ROAD,NUNGAMBAKKAM ,CHENNAI"
G K M HOSPITAL PRIVATE LTD,"120/113,PERAMBUR BARRACKS ROAD,PURASAWALKAM,CHENNAI"
G. S. HOSPITAL,"855,T. H. ROAD,THIRUVOTTIYUR,CLOSED"
G.G. HOSPITALS,"NO.21, DR. THIRUMOORTHY NAGAR MAIN ROAD,,NUNGAMBAKKAM, ,CHENNAI"
G.J. HOSPITAL,"598, MKN ROAD,,ALANDUR,CHENNAI"
G.K. HOSPITAL,"NO.474, MINT STREET,SOWCARPET,CHENNAI"
G.M. HOSPITAL,"39, SABARI SALAI,MADIPAKKAM,CHENNAI"
G.R.HOSPITAL,"NO.12, CITY LINK ROAD,,NGO COLONY,,ADAMBAKKAM, CHENNAI"
G.S.HOSPITAL,"466, IIIRD AVENUE,,INDIRA NAGAR,,ADYAR,CHENNAI"
GANGA HOSPITAL,"21, THANDAVARAYAN STREET,,CHENNAI,"
GANGA HOSPITAL MULTI SPECIALITY,"NO.21/7B, THANDAVARAYA STREET,MODEL SCHOOL ROAD,CHENNAI"
GANGA NURSING HOME,"280, T.H.ROAD,,WASHERMANPET,,CHENNAI"
GANGA NURSING HOME,"8, DR.NAIR ROAD,,CHENNAI,T.NAGAR"
GANGA NURSING HOME,"9, MADAM 1ST LANE,,DR. ALAGAPPA ROAD, PURASAIWALKAM,,CHENNAI."
GARBBA RAKSHAMBIGAI FERTILITY CENTRE P LTD.,"4, 6TH CROSS STREET,,UNITED INDIA COLONY, KODAMBAKKAM,,CHENNAI"
GARBBA RAKSHAMBIGAI FERTILITY CENTRE (P) LTD.,"4, 6TH CROSS STREET,,UNITED INDIA COLONY, KODAMBAKKAM,,CHENNAI"
GAYATHRI HOSPITAL,"OLD NO.36, WEST ROAD,,WEST CIT NAGAR,,CHENNAI"
GAYATHRI NURSING HOME,"21, V.P.KOIL STREET,,TONDIARPET,,CHENNAI"
GBR CLINIC AND FERTILITY CENTER,"HIG 1027, 6TH MAIN ROAD,,MOGAPPAIR WEST,,CHENNAI"
GEM HOSPITAL AND RESEARCH CENTRE PVT LTD,"227/2C2 228/2A2, M.G.R. SALAI,,PERUNGUDI,,CHENNAI"
GENESIS WOMENS HOSPITAL,"9/10, FIRST MAINROAD, ,SEETHAMAL EXTENSION, TEYNAMPET,,CHENNAI"
GETWELL HOSPITAL,"7, ATHERAYAPURAM MAIN ROAD,,CHOOLAIMEDU,,CHENNAI"
GIRISHWARI HOSPITAL PVT LTD,"NO. 19, K.B. DHASAN ROAD, ALWARPET,,CHENNAI,"
GIRISHWARI HOSPITAL PVT.LTD.,"29, CHITTARANJAN ROAD,,ALWARPET,,CHENNAI"
GNANESH NURSING HOME,"NO.9, VENKATESWARA STREET,,DHANALAKSHMI COLONY,,VADAPALANI,CHENNAI"
GOKUL DASS HOSPITAL,"123, RASAPPA STREET,,CHENNAI,"
GOVERNMENT GENERAL HOSPITAL,"E.V.R.ROAD,,CHENNAI,"
GOVERNMENT HOSPITAL,"MMC,MMC,CHENNAI"
GOVERNMENT HOSPITAL,"NO.181 TH ROAD,THIRUVOTTIYUR,CHENNAI"
"GOVERNMENT HOSPITAL,","THIRUVOTRIYUR,CHENNAI,"
GOVERNMENT KASTHURIBAI GANDHI,"WOMEN AND CHILDREN HOSPITAL,TRIPLICANE,CHENNAI"
GOVERNMENT KASTHURIBAI GANDHI WOMEN AND CHILDREN HOSPITAL,"TRIPLICANE,CHENNAI,"
GOVERNMENT PERIPHERAL HOSPITAL,"KAYIAM MUDALI STREET,,TONDIARPET,,CHENNAI"
GOVERNMENT STANLEY MEDICAL HOSPITAL,"NO.1, OLD JAIL ROAD,CHENNAI,"
GOVERNMENT STANLEY MEDICAL HOSPITAL,"NO.1, OLD JAIL ROAD,CHENNAI,"
GOVERNMENT T T B HOSPITAL,"373, K.H.ROAD,,OTTERY,,CHENNAI"
GOVT HOSPITAL,"277,T.H.ROAD,THIRUVOTTIYUR,ELLAIAMMAN KOIL"
GOVT OPTHALMIC HOSPITAL,"MARSHAL ROAD,EGMORE,CHENNAI"
GOVT WOMEN AND CHILDREN HOSPITAL,"EGMORE,CHENNAI,"
GOVT. PRIMARY HEALTH CENTRE,",MAIN ROAD,MANALI PUDU NAGAR"
GOVT. PRIMARY HEALTH CENTRE,"PADASALAI STREET, ,MANALI"
GOVT. PRIMARY HEALTH CENTRE,"SENTHIL NAGAR,CHINNAPORUR,CHENNAI"
GOVT. ROYAPETTAH HOSPITAL,"PETERS ROAD,ROYAPETTAH ,CHENNAI"
GOVT. STANLEY MEDICAL COLLEGE AND HOSPITAL,"OLD JAIL STREET,,CHENNAI,"
GOVT.HOSPITAL,"JEENIS ROAD,,SAIDAPET,,CHENNAI"
"GOVT.PERIPERAL HOSPITAL,","PERIYAR NAGAR,,CHENNAI,"
GOVT.PERIPHERAL HOSPITAL,"K.K.NAGAR,,CHENNAI,"
GOVT.PHERIPHERAL HOSPITAL,"ANNA NAGAR,,CHENNAI,"
GOVT.STANLEY MEDICAL COLLEGE HOSPITAL,"OLD JAIL STREET,,CHENNAI,"
GOWRI NURSING HOME,"18, 6TH STREET, LAKSHMI NAGAR, , NANGANALLUR,CHENNAI"
GOWTHAM NURSING HOME,"3, MAIN STREET,,NETHAJI NAGAR,,TONDIARPET,CHENNAI"
GRACE GARDEN CWC,"152, SURYANARAYANA CHETTY STREET,,CHENNAI,"
GRACE MATERNITY HOME,"19,SATHANGADU HIGH ROAD,THIRUVOTTIYUR,CLOSED"
GRACE METERNITY HOME,"19,SATHANGADU,THIRUVOTTIYUR,CLOSED"
GUEST HOSPITAL,"P.H.ROAD,,CHENNAI,"
GUNASEKARAN HOSPITALS PVT LTD,"NO.1, CRESENT PARK STREET,,T. NAGAR, CHENNAI,"
HALSTED SURGICAL CLINIC,"P.H.ROAD,,CHENNAI,"
HANDE HOSPITAL,"45, LAKSHMI TALKIES ROAD,,SHENOY NAGAR,,CHENNAI"
"HARBOUR CWC 4TH LANE,","BEACH,,CHENNAI,"
HARIHARAN DIABETIC & HEART CARE HOSPITAL,"24/26, 29TH STREET,, NANGANALLUR,CHENNAI"
HARVEY HEALTH CARE LTD.,"NEW NO.542, T.T.K.ROAD,,ALWARPET, ,CHENNAI"
HARVEY HEART MEDICINE CENTRE,"NO.20 PYCROFTS GARDEN ROAD ,CHENNAI ,"
HEALTH SUB CENTRE,"PALLIKARANAI,PALLIKARANAI,CHENNAI"
HELIOS HOSPITALS,"NO.39, 7TH CROSS STREET,,RAJALAKSHMI NAGAR,,VELACHERY, CHENNAI"
HELIOS MEDICAL CENTRE,"NO. 39, RAJALAKSHMI NAGAR,7TH CROSS STREET, VELACHERY,CHENNAI"
HERA HOSPITAL,"NO.1, SORNAMBIGAI NAGAR,,VIRUGAMBAKKAM,,CHENNAI"
HINDU MISSION HEALTH SERVICES,"A 26A, 100 FEET ROAD, HINDU COLONY, ,NANGANALLUR,CHENNAI"
"HOPKIN HOSPITAL P LTD.,","16, UMAYAL ROAD,,CHENNAI,"
"HOPKIN HOSPITAL (P) LTD.,","16, UMAYAL ROAD,,CHENNAI,"
HT.VIRA REDDI HOSPITAL,"NO.50, NEW AVADI ROAD,,CHENNAI,"
HYCARE SUPER SPECIALITY HOSPITAL,"PLCP NO.37, 38, RAZACK GARDEN ROAD,,MMDA COLONY, ARUMBAKKAM,,CHENNAI"
I.I.T. HOSPITAL,"E-8-15, I.I.T. CAMPUS,, ,CHENNAI"
I.K.HOSPITALS,"2/1911, J.BLOCK,,15TH MAIN ROAD,,ANNA NAGAR, CHENNAI"
ICF HOSPITAL,"CHENNAI, ,"
INDIAN HOSPITAL,"533, P.H.ROAD,,ARUMBAKKAM,,CHENNAI"
INDIAN MECHINARY HOSPITAL,"35, II CROSS ROAD,,M.R.MUNUSWAMY NAGAR,,KODUNGAIYUR,CHENNAI"
INDIGO WOMENS CENTER,"995B, H BLOCK, 2ND AVENUE,,ANNANAGAR,,CHENNAI"
INFANT JESUS MATERNITY HOME,"VILLIVAKKAM,CHENNAI,"
INSTITUTE OF CHILD HEALTH,"18, 19 HALLS ROAD,CHENNAI ,"
INSTITUTE OF MENTAL HEALTH,"KILPAUK,CHENNAI,"
IPP-V HOSPITAL,"03/592,K.H. ROAD,KATHIVAKKAM,K.H.ROAD"
IPP-V HOSPITAL,"KAMARAJ NAGAR 5TH STREET,KATHIVAKKAM,KAMARAJ NAGAR"
ISABELS HEALTH CENTRE,"KANNAGI NAGAR,OKKIYAM DURAIPAKKAM,CHENNAI"
ISWARAYA NURSING HOME,"2, ANDIYAPPA GRAMANI STREET,,CHENNAI,"
ISWARYA FERTILITY CENTER,"NO.1,MTH ROAD,AMBATTUR,CHENNAI"
ISWARYA NURSING HOME,"12, KURESAN STREET,,CHENNAI.21,"
ISWARYA WOMENS HOSPITAL AND FERTILITY CENTRE,"NO. 13, 1ST MAIN ROAD, KASTURIBAI NAGAR,ADYAR, CHENNAI,"
IYYAPPA HOSPITAL,"DIABETES RESEARCH CENTRE PVT.LTD,.,127/1,2, NEW NO.308, 310 M.P.M. STREET,,VYASARPADI P.O. , CHENNAI"
IYYAPPA HOSPITALS AND DIABETES RESEARCH CENTRE PVT LTD,"OLD NO. 127/1,2 NEW NO.308, 310 M.P.M STREET,VYASARPADI,PERAMBUR, CHENNAI"
J K NURSING HOME,"2, 3 KRISHNA IYER STREET, ,CHENNAI ,"
J P NURSING HOME,"7, VEERARAGAVA ROAD,,CHENNAI,"
J V HOSPITAL,"31, RAILWAY BORDER ROAD,,KODAMBAKKAM,,CHENNAI"
J.J.HOSPITAL,"SAI NAGAR,,VIRUGAMBAKKAM,CHENNAI"
J.J.S.N. HOSPITAL,"NO. 28. THYPOON ALIKHAN STREET,,TRIPLICANE,CHENNAI"
J.K.HOSPITAL,"90, T.H.ROAD,,CHENNAI,"
J.S. HOSPITAL,"77 RAMAMOORTHY COLONY,T.V.K. NAGAR,CHENNAI"
J.S.HOSPITAL,"17, NEELAKANDAN STREET,,CHOOLAIMEDU,,CHENNAI"
JAGADEESH NURSHING HOME,"941A,T. H. ROAD,THIRUVOTTIYUR,ELLAIAMMAN KOIL"
JAGADEISH CLINIC,"172,KALADIPET,THIRUVOTTIYUR,CLOSED"
JAI ASHWIN CLINIC,"4, SATHYAVANI MUTHU NAGAR 7TH STREET,,ENNORE,,CHENNAI"
JAI ASHWIN CLINIC,"NO.4 7TH STREET SATHYAVANI MOORTHY NAGAR, ,ENNORE,CHENNAI"
JAI CLINIC,"3,7TH STREET,ULAGANATHAPURAM,THALANKUPPAM"
"JAIMARUTHI CLINIC ,","27, SUNDARAM PILLAI STREET,,PURASAWALKAM,,CHENNAI"
JANAMMA SUGAM HOSPITAL,"NO.56, VENKATAKRISHNA IYER ROAD,,RAJA ANNAMALAIPURAM,,CHENNAI"
JANANI HOSPITAL,"NO.7, AMMAN STREET,BHARATHI NAGAR, NESAPAKKAM,CHENNAI"
JANANI HOSPITAL,"NO.7, AMMAN STREET, BHARATHI NAGAR,NESAPAKKAM, CHENNAI,"
JANANI NURSING HOME,"22, SYODOJI STREET,,TRIPLICANE,,CHENNAI"
JAYA HOSPITAL,"8, NAGENDRA NAGAR,,VELACHERY MAIN ROAD,,CHENNAI"
JAYA NURSING HOME,"740,T.H.ROAD,CH81"
JAYADEV POLYCLINIC,"P.H.ROAD,,CHENNAI,"
JAYADEVA FERTILITY CENTER AND WOMENS HEALTH CARE,"NO.6 & 7, SRIVIDHYA AVENUE, ,OKKIYUM THORAIPAKKAM,,CHENNAI"
JAYADEVA FERTILITY CENTRE AND WOMEN HEALTH CARE,"NO.6 and 7, SRIVIDHYA AVENUE, OKKIYAM THORAIPAKKAM,CHENNAI,CHENNAI"
JAYAM MANYAVAR HEALTH CARE LIMITED,"No.58, M.G. ROAD,,SASTRI NAGAR,,CHENNAI"
JAYAM MANYAVAR HEALTH CARE LIMITED,"T24, 7TH AVENUE, ,BESANT NAGAR,,CHENNAI"
JAYAM NURSING HOME,"53, THANDAVARAYAN MUDALI STREET,,OLD WASHERMANPET,,CHENNAI"
JAYAM POLY CLINIC AND NURSING HOME,"58, M.G.ROAD, THIRUVANMIYUR,, ,CHENNAI"
JEEVODAYA HOSPICE FOR CANCER PATIENTS,"1/272, OLD NO.1/86, KAMARAJ ROAD,,MATHUR, MANALI P.O., ,CHENNAI"
JEEVODAYA HOSPITAL,"NEW NO.1/272, KAMARAJ ROAD,MATHUR, CHENNAI,"
JEEVODAYA HOSPITAL,"NO.1/272 KAMARAJAR STREET,MATHUR,CHENNAI"
JENESAM HOSPITAL,"1, 40TH STREET,,ASHOK NAGAR,,CHENNAI"
JOHNSON NURSING HOME,"132,T.H.ROAD,THIRUVOTTIYUR,CLOSED"
JOSEPHS NURSING HOME,"10-A, DR.GURUSAMY ROAD,CHENNAI,"
JOSEPHS NURSING HOME,"10-A, DR.GURUSAMY ROAD,,CHENNAI,"
JULIAN NURSING HOME,"96, PERAMBUR HIGH ROAD,,CHENNAI,"
JULIAN NURSING HOME,"NO.96,PERABMUR HIGH ROAD, NEAR JAMALIA BUS STOP ,CHENNAI,CHENNAI,CHENNAI"
JYOTI HOSPITAL,"895 T.H ROAD,OLD WASHERMANPET,CHENNAI"
K P A CLINIC,"BALAJI NAGAR,ROYAPETTAH,CHENNAI"
K S HOSPITAL,"289 LLYODS ROAD,ROYAPETTAH,CHENNAI"
K.F. HOSPITAL,"5, SARVAMANGALAM NAGAR, ,NANGANALLUR,CHENNAI"
K.J.HOSPITAL,"182, P.H.ROAD,,CHENNAI,"
K.J.NURSING HOME,"272, T.H.ROAD,,CHENNAI,"
K.L. MULTI SPECIALITY HOSPITAL,"PLOT NO.348, EAST COAST ROAD, NEELANKARAI,, ,CHENNAI"
K.M. HOSPITAL,"459, R.K. SHANMUGAM SALAI,K.K. NAGAR, CHENNAI,"
K.M. NURSING HOME,"459, R.K. SHANMUGAM SALAI,,K.K. NAGAR, CHENNAI,"
K.M. SPECIALITY HOSPITAL,"NO.453 & 454, R.K. SHANMUGAM SALAI,K.K. NAGAR, CHENNAI,"
K.M. SPECIALITY HOSPITAL,"NO.453/454, R.K. SHANMUGAM SALAI,K.K. NAGAR, CHENNAI,"
K.M.CLINIC AND NURSING HOME,"KILPAUK,CHENNAI,"
K.M.HOSPITAL,"167, E.H.ROAD,,CHENNAI,"
K.M.HOSPITAL,"459, R.K.SHANMUGAM SALAI,,K.K.NAGAR,,CHENNAI"
K.M.MULTI SPECIALITY HOSPITAL,"NO.8/9 ANNAI VELANKANNI NAGAR, MMC COLONY ROAD,CHENNAI,"
K.P. HOSPITAL,"NO.3, MEDAVAKKAM MAIN ROAD,,ADAMBAKKAM,,CHENNAI"
K.P.A. CLINIC,"10, 2ND STREET,,BALAJI NAGAR,,CHENNAI"
K.P.HOSPITAL,"NO.3 MEDAVAKKAM MAIN ROAD,ADAMBAKKAM,CHENNAI,CHENNAI,CHENNAI"
K.S.HOSPITAL,"47, P.H.ROAD,,KILPAUK,,CHENNAI"
K.V.T HEALTH CENTRE,"16, G.N.T ROAD,,MOOLAKADAI,,CHENNAI"
KAMAL NURSING HOME,"1, A.G.H.ROAD,,CHENNAI,"
KAMALA HOSPITAL,"4/9, ANDAL AVENUE 1ST STREET,,PERAVALLURE,CHENNAI"
"KAMALA HOSPITAL, CHENNAI","NO.4/9,ANDAL AVENUE-1ST STREET,PERAVALLUR,CHENNA,CHENNAI,CHENNAI"
KANDASAMY HOSPITAL,"23, KAMBAR STREET, ,ALALNDUR,CHENNAI"
KASTHURI BA NURSING HOME,"7 SUBARAYA STREET,NUNGAMBAKKAM ,CHENNAI"
KAUVERY HOSPITAL,"MBC TOWERS, 199/90, LUZ CHURCH ROAD,MYLAPORE, CHENNAI,"
KAVITHA NURSING HOME,"71, SOUTH WEST BOAG ROAD,,T.NAGAR,,CHENNAI"
KEDAR HOSPITAL,"19, VINAYAGAPURAM, MUGALIVAKKAM,CHENNAI"
KEDAR HOSPITAL,"NO 19 VINAGAYAPURAM MAIN ROAD,MUGALIVAKKAM,CHENNAI"
KENSINGTON CLINIC AND HOSPITAL,"856, P.H.ROAD,,CHENNAI,"
KEWALCHAND MOHANABAI DAGA DIALYSIS CENTRE,"NO.5/3, TAYLORS ESTATE 2ND STREET,KODAMBAKKAM,CHENNAI"
KHM HOSPITAL,"AB-14, 6TH MAIN STREET,,ANNA NAGAR,,CHENNAI"
KIDS CLINIC CLOUD NINE HOSPITAL,"54, VIJAYARAGHAVA ROAD,,T.NAGAR,,CHENNAI"
KILPAUK MEDICAL COLLEGE HOSPITAL,"KILPAUK,CHENNAI,"
KILPAUK MEDICAL COLLEGE HOSPITAL,"KILPAUK,,CHENNAI,"
KINGS HOSPITAL,"NO.32, SRI GANAPATHY NAGAR, LAKSHMIPURAM,,KOLATHUR, CHENNAI,"
KKR HOSPITAL,"NO.26/49, VENKATAKRISHNA ROAD, MANDAVELI,,CHENNAI,"
KM MULTI SPECIALITY HOSPITAL,"8,ANNAI VELANKANNI NAGAR,MMC,CHENNAI"
KOLA SARASWATHI AGARWAL SAMAJ HEALTH CENTRE,"25, DR. ALAGAPPA ROAD, PURASAWALKAM,,CHENNAI,"
KOLA SARASWATHY HOSPITAL,"6, DR.ALAGAPPA ROAD,,PURASAWALKAM,,CHENNAI"
KONDITHOPE CWC,"60, BASIN BRIDGE ROAD,,CHENNAI,"
KR DORAISAMY MEMORIAL CANCER CENTRE,"91 DR RADHAKRISHNAN SALAI,MYLAPORE,CHENNAI"
KTS NURSING HOME,"7/10, BHARATHI NAGAR,BALAJI NAGAR, KOLATHUR,CHENNAI"
"KTS NUSRSING HOME,CHENNAI","NO.7/10,BHARATHI NAGAR BALAJI NAGAR MAIN ROAD, KOLATHUR,CHENNAI,CHENNAI,CHENNAI"
KUMARAN HOSPITAL,"214, P.H.ROAD,,CHENNAI,"
KUMARAN SPECIALITIES HOSPITAL,"46, 1ST AVENUE,,ASHOK NAGAR,,CHENNAI"
KUPPAM CWC,"RAMANATHAPURAM,THIRUVOTTIYUR,CHENNAI"
KURINCHI HOSPITAL,"964, TH ROAD,,THIRUVOTTIYUR,,CHENNAI"
KURINJI HOSPITAL,"964,T.H ROAD,THIRUVOTTIYUR,KALADIPET POLICE STATION"
KVT HEALTH CENTRE,"16, G.N.T.ROAD,,MOOLAKADAI,,CHENNAI"
KVT SPECIALITY HOSPITAL,"PLOT NO.1,2,3 ETHIRAJSAMY SALAI,,ERUKKANCHERY,CHENNAI"
L AND T PRAYAS MEDICAL CENTRE,"869, KALIAMMAN KOIL STREET,,VIRUGAMBAKKAM,,CHENNAI"
LAKE VIEW HOSPITAL,"PRH ROAD,LAKSHMIPURAM,CHENNAI"
LAKSHA HOSPITAL,"NO. 15, P.S. SIVASAMY SALAI,MYLAPORE,CHENNAI"
LAKSHA HOSPITAL,"NO.15, P.S. SIVASWAMY SALAI,MYLAPORE,CHENNAI"
LAKSHA HOSPITALS,"18, LALITHAPURAM STREET,,ROYAPETTAH,,CHENNAI"
LAKSHMI HEALTH CENTRE,"MUGAPPAIR WEST MAIN ROAD 2ND BLOCK ,CHENNAI,"
LAKSHMI HEALTH CENTRE,"MUGAPPAIR WEST MAIN ROAD (2ND BLOCK),CHENNAI,"
LAKSHMI HOSPITAL,"14, GOVINDAN ROAD,,WEST MAMBALAM,,CHENNAI"
LAKSHMI HOSPITAL,"51, SOUTH BOAG ROAD,,T.NAGAR,,CHENNAI"
LAKSHMI MATERNITY HOSPITAL,"20, 3RD AVENUE,,INDIRA NAGAR,,ADYAR,CHENNAI"
LAKSHMI NURSING HOME,"10, M.T.H.ROAD,,VILLIVAKKAM,,CHENNAI"
LAKSHMI NURSING HOME,"H.I.G. NO.435, MATHUR UNION ROAD,MMDA, MATHUR,CHENNAI"
LAKSHMI RAM HOSPITAL,"16,SANNATHI STREET THERADI,THIRUVOTTIYUR,THERADI"
LAKSHMI RAM NURSHING HOME,"59,SANNATHI STREET,THIRUVOTTIYUR,CLOSED"
LAKSHMI SUNDARAVADANAM HOSPITAL,"134, POONAMALLEE HIGH ROAD,, ,CHENNAI"
LAKSHMI SUNDARAVADANAN HOSPITAL,"NO.134 POONAMALLE HIGH ROAD,CHENNAI,"
LALITHA NURSING HOME,"192,NAKKEERA STREET,ALWAR THIRUNAGAR,CHENNAI"
LALITHA NURSING HOME,"NO.192, NAKKEERAN STREET, , VALASARAVAKKAM,,CHENNAI"
LASER AND LAPOROSCOPIC HOSPITAL,"GENERAL SURGICAL CLINIC,,T.NAGAR,,CHENNAI"
LAXMI NURSING HOME,"12, SUNDARA VINAYAKAR KOIL STREET,,CHENNAI,"
LIFE CARE DKJ HOSPITAL,"NEW NO.177/3, M.T.H. ROAD,VILLIVAKKAM,CHENNAI"
LIFE CARE HOSPITAL,"88,DR. KALAINGNAR ROAD,SHOLINGANALLUR,CHENNAI"
LIFE CARE HOSPITAL,"NO.29/77, ADHITHANAR SALAI,,HARRIS ROAD, PUDUPET,,CHENNAI"
LIFE LINE CLINIC,"6,PANDIAN NAGAR, ECR,VETTUVANKENI,CHENNAI"
LIFE LINE MULTI SPECIALITY HOSPITAL,"5/639, O.M.R. ROAD,PERUNGUDI,CHENNAI"
LIFE LINE MULTI SPECIALITY HOSPITAL,"5/639, O.M.R. ROAD ,PERUNGUDI,CHENNAI"
LIFE MED HOSPITALS PVT LTD,"NEW NO.12, OLD NO.32, CONRAN SMITH ROAD,,GOPALAPURAM, CHENNAI,"
LIFECARE HOSPITAL,"NO.29/77 ADITHANAR SALAI,PUDUPET,CHENNAI"
LISTER NURSING HOME,"NO. 3/2, APPAVOO STREET,CHENNAI,"
LOKAMMA HOSPITAL,"16/18, ARUMUGAM STREET,,OLD WASHERMANPET,,CHENNAI"
M S CLINIC,"A/16 CHINAPPA RAWTHET ST.,,CHENNAI ,"
M.B.CLINIC,"85,E.V.K.S.SALAI,,VEPERY,,CHENNAI"
M.K.NURSING HOME,"46, RATHNASABAPATHY STREET,,CHENNAI,"
M.M. HARSHNI VEDA HOSPITAL,"NO. 43, IRUSAPPA STREET,TRIPLICANE,CHENNAI"
M.M.CLINIC,"12, GULMOHAR AVENUE,,VELACHERY ROAD,,CHENNAI"
M.R.HOSPITAL,"12, GOVINDAN STREET,,AYYAVOO COLONY,,AMINJIKARAI,CHENNAI"
M.R.S.HOSPITAL,"4,NEHRU NAGAR MAIN ROAD,GANTHI NAGAR,TONDIARPET,CHENNAI.81"
M.S. HOSPITAL,"NO.37, PONNAN KINARU STREET,,VILLIVAKKAM,CHENNAI"
M.S.P. CLINIC,"NO.3, NEHRU AVENUE,BARADHIDASAN COLONY,K.K. NAGAR, CHENNAI"
M.V.HOSPITAL,"57, MAIN ROAD,,ROYAPURAM,,CHENNAI"
M.V.HOSPITAL FOR DIABETES PRIVATE LTD.,"NO.4 WEST MADHA CHURCH ROAD,,ROYAPURAM,CHENNAI"
MAAYA SPECIALITY HOSPITALS,"NO.12 PRH ROAD,,NEW LAKSHMIPURAM,CHENNAI"
MADHAVARAM MUNICIPAL HOSPITAL,"MADHAVARAM,MADHAVARAM,CHENNAI"
MADRAS CLINIC AND NURSING HOME,"AYANAVARAM,CHENNAI,"
MADRAS DOCK LABOUR BOARD HOSPITAL,"TONDAIARPET,,CHENNAI,"
MADRAS MEDICAL MISSION,"MUGAAPAIR EAST,CHENNAI,"
MADRAS POLY CLINIC AND NURSING HOME,"19, KANNADASAN STREET,.,RANGARAJAPURAM,,KODAMBAKKAM,CHENNAI"
MADRAS PORT TRUST HOSPITAL,"SPRING HEETON ROAD,,CHENNAI,"
MAHA CRITICAL SPECIALITY HOSPITAL,"37, MTH ROAD,AMBATTUR,,CHENNAI"
MAHALAKSHMI HOSPITAL,"NO.37,M T H ROAD,AMBATTUR,CHENNAI"
MAHALAKSHMI NURSING HOME,"MTH ROAD RAM NAGAR ,CHENNAI,"
MAHARI NURSING HOME,"21, Reddy Street, Villivakkam,,Chennai,"
MAHARI NURSING HOME,"NO. 21, REDDY STREET,,VILLIVAKKAM,CHENNAI"
"MALAR HOSPITALS LTD.,","NO.52, IST MAIN ROAD,,GANDHI NAGAR,,ADYAR,CHENNAI"
MALLIGAI HOSPITAL,"33, KANAKAPILLAI STREET,,TONDIARPET,,CHENNAI"
MANGALAPURAM HEALTH CENTRE,"MANGALAPURAM,CHETPUT,CHENNAI"
MANOGIRI AND RAJA VENKATAGIRI CHARITIES,"4, MONAGIAR CHOULTRY ROAD,,CHENNAI,"
MANTHRA HOSPITAL,"1, VOC ST, MUGAAPAIR ROAD WEST,CHENNAI,"
MATERNAL AND CHILD HEALTH CENTRE,"T. NAGAR,,CHENNAI,."
MATERNITY CENTRE,"VILLAGE STREET,KATHIVAKKAM,SIVANPADAI VEEDHI"
MAXICO CLINIC AND HOSPITAL,"NO.17,PERAMBUR HIGH ROAD, OPP AKSHAYA APPTS ,CHENNAI"
MAYA NURSING HOME,"B-225, 15TH AVENUE,,ASHOK NAGAR,,CHENNAI"
MAYA NURSING HOME,"PRH ROAD,LAKSHMIPURAM,CHENNAI"
MED INDIA HOSPITAL,"VALLUVARKOTTAM HIGH ROAD,,NUNGAMBAKKAM,,CHENNAI"
"MED INDIA HOSPITAL,","83, VALLUVAR KOTTAM HIGH ROAD,,NUNGAMBAKKAM,,CHENNAI"
MEDLINE CHILDREN HOSPITAL,"NO.16, V.P. COLONY 2ND CROSS STREET,AYANAVARAM, CHENNAI,"
MEDWAY HOSPITALS,"NO.2/26,1ST MAIN ROAD, UNITED INDIA COLONY,,KODAMBAKKAM,,CHENNAI"
MEDWAY MEDICAL CENTRE,"NO.22, 4TH CROSS STREET, TRUSTPURAM,,KODAMBAKKAM, CHENNAI,"
MEDWAY WOMEN CENTRE,"22, 4TH CROSS STREET,,TRUSTPURAM, KODAMBAKKAM,,CHENNAI"
MEENA NURSING HOME,"P.M.ROAD,,PERAMBUR,,CHENNAI"
MEENAKSHI CLINIC,"81,FIRST FLOOR, ECR,VETTUVANKENI,CHENNAI"
MEENAKSHI GENERAL HOSPITAL,"ALAPAKKAM MAIN ROAD,MADURAVOYAL,CHENNAI"
MEENAKSHI GENERAL HOSPITAL,"ALAPAKKAM ROAD,,ALAPAKKAM,,CHENNAI"
MEENAKSHI HOSPITAL,"7/34, 3RD STREET,,RAM NAGAR,,CHENNAI"
MEENAKSHI MATERNITY AND CHILDREN HOSPITALS,"NO.103,107,109 & 111, VALLUVARKOTTAM HIGH ROAD,,NUNGAMBAKKAM,,CHENNAI"
MEENAKSHI MATERNITY AND CHILDREN HOSPITALS,"NO.103,107,109, 111, VALLUVARKOTTAM HIGH ROAD,,NUNGAMBAKKAM,,CHENNAI"
MEENAMBAL NAGAR CWC,"KORRUKKUPET,,R.K.NAGAR SOUTH,CHENNAI"
MEERAN HOSPITAL,"26, VELAYUTHA MUDALI STREET,,CHENNAI,"
MEHTAS HOSPITAL PRIVATE LTD,"21, MC.NICHOLS ROAD,,CHENNAI,"
MENANGUDY HOSPITAL PVT. LTD,"NO. 19/1, 1ST AVENUE, SHASTRI NAGAR,,ADYAR, CHENNAI,"
MERCURY HOSPITAL PRIVATE LIMITED,"NO.36, PANTHEON ROAD, ,EGMORE,,CHENNAI"
MERCURY NURSING HOME,"36 PANTHEON ROAD,EGMORE,CHENNAI"
MERCY HOME,"HALLS ROAD,,KILPAUK,,CHENNAI"
MEXICO HOSPITAL,"17, PERAMBUR HIGH ROAD,,CHENNAI,"
MGM HEALTH CARE PVT LTD,"NO. 72, NELSON MANICKEM ROAD,AMINJIKARAI,CHENNAI"
MINA NURSING HOME,"12, GST ROAD,,GUINDY,CHENNAI"
MINT HOSPITALS,"No. 19/1, 1st Avenue, Shastri Nagar,,Adyar,Chennai"
MIOT HOSPITAL,"4/112, MOUNT POONAAMALLE ROAD, ,MANAPAKKAM,CHENNAI"
MITA LIFE HOSPITAL,"E.C.R.SALAI,KOTTIVAKKAM ,CHENNAI"
MMRV HOSPITAL,"BLOCK5 PC5 ,MUGAPPAIR WEST,CHENNAI"
MOHAN HOSPITAL,"CP-50, RAZACK GARDEN,,ARUMBAKKAM,,CHENNAI"
MOHAN NURSING HOME,"165, M.T.H ROAD, ,VILLIVAKKAM,,CHENNAI"
MOHAN NURSING HOME,"165, M.T.H. ROAD,,CHENNAI,"
MOTHER AND CHILD CARE CLINIC,"NO.5/4, 3RD CROSS STREET,BALAJI NAGAR, EKKATTUTHANGAL,CHENNAI"
MOTHERS SPECIALITY HOSPITAL,"24, OLD TOWNSHIP ROAD,,AMBATTUR,,CHENNAI"
MOTS HOSPITAL,"NO. 264/125, KILPAUK GARDEN ROAD,,KILPAUK,,CHENNAI"
MOTTAI GARDEN CWC,"27/1, VENKATAKRISHNAN STREET,,OLD WASHERMANPET,,CHENNAI"
MOUNT MULTISPECIALITY HOSPITALS PVT.LTD,"63, MAIN ROAD , KESARI NAGAR, ,ADAMBAKKAM,,CHENNAI"
MUNICIPAL MATERNITY HOME,"276,T. H. ROAD,THIRUVOTTIYUR,ELLAIAMMAN KOIL"
MUNICIPAL MATERNITY HOME,"276,T.H.ROAD,THIRUVOTTIYUR,ELLAIAMMAN KOIL"
MUNICIPAL MATERNITY HOME,"941A,T.H.ROAD,THIRUVOTTIYUR,ELLAIAMMAN KOIL"
MURARI HOSPITAL,"MRH ROAD,MADHAVARAM,CHENNAI"
MURUGAN HOSPITALS,"264, KILPAUK GARDEN ROAD,,KILPAUK,,CHENNAI"
MUTHU HOSPITAL,"105,PULIANTHOPE HIGH ROAD,,PULIANTHOPE,CHENNAI"
MUTHU HOSPITAL,"NO.105. PULIANTHOPE HIGH ROAD,,PULIANTHOPE,CHENNAI"
MUTHU HOSPITAL ENTERPRISES PVT LTD,"NO.105 PULIANTHOPE HIGH ROAD,CHENNAI,"
MUTHU NURSING HOME,"35, NETHAJI NAGAR,,TONDIARPET,,CHENNAI"
MYSAAN HOSPITAL,"NO.10 THYAR SOHIB STREET,CHENNAI,"
N M PADDY CLINIC AND NURSING HOME,"16, AUDIAPPAN NAICKEN STREET,,CHENNAI,"
N.M. FERTILITY CENTRE AND HOSPITAL,"PLOT NO. 59, 4TH AVENUE K.K.R. NAGAR,,MADHAVARAM,,CHENNAI"
N.R. MEDICAL HOME,"NO.1 BINNY COLONY,P B ROAD,CHENNAI"
N.R.HOSPITAL,"JAWAR NAGAR MAIN ROAD,,CHENNAI,"
N.R.MEDICAL HOME PRIVATE LIMITED,"NO.1,BINNY COLONY,PERAMBUR,CHENNAI,CHENNAI"
NA,"NA,NA,NA"
NAGAMANI NURSING HOME,"16, G.A.ROAD, ,OLDWASHERMANPET,,CHENNAI"
NALAM HOSPITAL,"10A/3, 1ST CROSS STREET,,MKB NAGAR,CHENNAI"
NANDANAM COMMONS HOSPITAL,"4, TURN BULLS ROAD, ,NANDANAM,,CHENNAI"
NANDHINI CLINIC,"NO.67/3, 7TH AVENUE,,M.G.ROAD,,BESANT NAGAR, CHENNAI"
NANDHINI HOSPITAL,"40-B, 7TH STREET,,TANSI NAGAR,,VELACHERY, CHENNAI"
NANTHINE HOSPITAL,"168,CHANDRA SEKARAN AVENUE,DURAIPAKKAM,CHENNAI"
NANTHINI HOSPITALS,"NO.168 CHANDRASEKARAN AVENUE, I.T.HIGH WAY OMR THORAIPAKKAM,CHENNAI,"
NANTHINI HOSPITALS,"NO.168 CHANDRASEKARAN AVENUE, I.T.HIGH WAY OMR THORAIPAKKAM,THORAIPAKKAM,,CHENNAI"
NANTHINI HOSPITALS,"NO.168 CHANDRASEKARAN AVENUE, IT HIGH WAY OMR THORAIPAKKAM,CHENNAI,"
NANTHINI HOSPITALS,"NO.168, CHANDRASEKARAN AVENUE,I.T HIGH WAY OMR THORAIPAKKAM, CHENNAI,CHENNAI,"
NARAYANA NURSING HOME,"7, BHARATHI ROAD,,PERAMBUR,,CHENNAI"
NARAYANAA HOSPITAL,"18,TANA STREET,PURASAWALKAM,CHENNAI"
NATIONAL HOSPITAL,"12, JAFFER SERANG STREET,,CHENNAI,"
NATIONAL HOSPITAL,"33,MANALI EXPRESS HIGHWAY,THIRUVOTTIYUR,CLOSED"
NATIONAL HOSPITAL,"33,MANALI EXPRESS ROAD,THIRUVOTTIYUR,CLOSED"
NATIONAL HOSPITAL,"NO.21 MANALI,EXPRESS ROAD,,THIRUVOTRIYUR,CHENNAI"
NEO LIFE CHILDRENS HOSPITAL,"PLOT NO.15/17 19. AGS COLONY BRATHDASAN STREET. RAM NAGAR, NORTH EXTN,,BHARATHIDASAN STREET,RAM NAGAR NORTH EXTN.MADIPPAKAM"
NEO LIFE HOSPITAL P LTD.,"14/1, 2ND CROSS STREET, KANNAN NAGAR,, MADIPAKKAM,CHENNAI"
NEO LIFE HOSPITAL (P) LTD.,"14/1, 2ND CROSS STREET, KANNAN NAGAR,, MADIPAKKAM,CHENNAI"
NEPHROLIFE CARE INDIA PVT LTD,"ZEW NO. 80, ALAGAPPA NAGAR, P.H. ROAD, KILPAUK,,CHENNAI,"
NEURO LIFE HOSPITAL,"ALAPAKKAM MAIN ROAD,MADURAVOYAL,CHENNAI"
NEW CENTURY HOSPITAL,"I.C.F.COLONY,CHENNAI,"
NEW CENTURY MEDICAL CENTRE,"21/37G.N.G. STREET VARADHARAJAPURAM,AMBATHUR, CHENNAI,"
NEW ASIAN HOSPITAL,"NO.E-147-A, IIND AVENUE,,BESENT NAGAR,,CHENNAI"
NEW BALAJI HOSPITAL,"19, SRINIVASA REDDY STREET,,T.NAGAR,,CHENNAI"
NEW HOPE FAMILY CARE HOSPITAL,"33/16, SANNATHI STREET,,VILLIVAKKAM, CHENNAI,"
NEW HOPE FAMILY CARE HOSPITAL,"NO. 33/16, SANNATHI STREET, VILLIVAKKAM,,CHENNAI ,"
NEW HOPE INDIAN SPECIALITY HOSPITALS,"NO. 1051, P.H. ROAD,ARUMBAKKAM,CHENNAI"
NEW HOPE MEDICAL CENTRE,"NO. 814, P.H. ROAD,KILPAUK,CHENNAI"
NEW LIFE HOSPITAL,"BLOCK 4PC7 ,MUGAPPAIR WEST,CHENNAI"
NEW TAS POLYCLINIC,"NO 79 CHOOLAI HIGH ROAD,CHENNAI,."
NEW WASHERMANPET CWC,"4TH STREET, CHERIAN NAGAR,,NEW WASHERMANPET,,CHENNAI"
NEW WASHERMANPET CWC,"CHERIAN NAGAR,,CHENNAI,"
NICHANI HEALTH CENTRE,"10, ARTHOON ROAD,ROYAPURAM,CHENNAI"
NICHANI HOSPITAL,"7, ARTHOON ROAD,,ROYAPURAM,,CHENNAI"
NICHANIS HOSPITAL,"NO.10 ARATHOON ROAD,,ROYAPURAM,CHENNAI"
NIRAMAL CLINIC,"229,VELACHERY MAIN ROAD,PALLIKARANAI,CHENNAI"
NIRANJANA,"NO.2,1ST STREET,NETAJI NAGAR,NORTH RED HILLS ROAD,VILLIVAKKAM,,CHENNAI,CHENNAI"
NIRANJANA HOSPITAL,"NO.2,13TH STREET, JAMBULINGAM MAIN ROAD, GKM COLONY,CHENNAI,CHENNAI,CHENNAI"
NIRANJANA HOSPITAL AND WELL WOMEN CENTRE,"2,13TH STREET, JAMBULINGAM MAIN ROAD,,G.K.M. COLONY,,CHENNAI"
NIRANJANA HOSPITAL AND WELL WOMEN CENTRE,"NO.2, 1ST STREET, NETHAJI NAGAR,,NORTH RED HILLS ROAD,,VILLIVAKKAM, CHENNAI"
NIRMAL POLY CLINIC AND NURSING HOME,"2,NETHAJI NAGAR,,IST STREET,,CHENNAI"
NIRMALA HOSPITAL,"22, 2ND CROSS STREET,,MKB NAGAR,,CHENNAI"
NIVARAN MATERNITY CLINIC,"THIRUVALLUVAR SALAI,MUGAAPAIR EAST,CHENNAI"
NOBLE HOSPITAL,"4, AUDIAPPA STREET,,PURASAWALKAM,,CHENNAI"
NOOR HOSPITAL,"13,SEETHARAM NAGAR,7TH ST,CHINNA KODUNGAIYUR,,CHENNAI.118"
NOVA MEDICAL CENTRE PVT. LTD,"39, RAJALAKSHMI NAGAR 7TH CROSS STREET,VELACHERY, CHENNAI,"
NRG SPECIALITY HOSPITALS,"NO.3/49, VALLUVAR SALAI,RAMAPURAM,CHENNAI"
NRV HOSPITAL,"NO.86/A, KAMARAJ SALAI,, KODUNGAIYUR,,CHENNAI"
OM SAKTHI HOSPITAL,"11, OLD BANK OF BARODA STREET, SECRETARIATE COLONY,AMBATHUR, CHENNAI,"
OM SHAKTHI HOSPITAL,"NO.11 OLD BANK OF BARODA STREET,AMBATTUR,CHENNAI"
OMANDURAR GOVT MEDICAL COLLEGE AND HOSPITAL,"OMANDURAR GOVT ESTATE, B BLOCK,CHENNAI,"
ONELIFE MOTS HOSPITAL,"264/125, KILPAUK GARDEN ROAD,,KILPAUK, CHENNAI,"
ORIENT MEDICAL CENTRE,"NO.67/73 SYDENHAMS ROAD,,PERIAMET,,CHENNAI"
ORIENT NURSING HOME,"NO.67/73 SYEDENHAMS ROAD,PERIAMET,CHENNAI"
ORION HOSPITAL,"18,ARUMUGAM ST,OLD WASHERMENPET,CHENNAI21"
ORTHOMED HOSPITAL,"83/43, ROYAPETTAH HIGH ROAD,,ROYAPETTAH,,CHENNAI"
ORTHOPAEDIC AND SPECIALITIES HOSPITAL,"25, 10TH AVENUE,,ASHOK NAGAR,,CHENNAI"
OXYMED HOSPITALS PRIVATE LIMITED,"NO.710, ANNA SALAI, ,NANDANAM,,CHENNAI"
P AND G NURSING HOME,"NEW NO 42, OLD NO 60, 100 FEET ROAD,VADAPALANI,CHENNAI"
P.K.GARDEN CWC,"44, WALLTAX ROAD,,CHENNAI,"
P.T.B.G.S.HOSPITAL,"3, RAVANAIAR STREET,,.,CHENNAI"
PADHUVAI HOSPITAL,"5/762,SABARI SALAI,MADIPAKKAM,CHENNAI"
PADI HEALTH POST,"TMP NAGAR,PADI,CHENNAI"
PADMA CLINIC AND NURSING HOME,"753,P.H.ROAD,,KILPAUK,,CHENNAI"
PADMA PRIYA HOSPITAL PVT.LTD.,"28, IST AVENUE,,INDIRA NAGAR,,ADYAR, CHENNAI"
PADMAM HOSPITAL,"1, VEERAKUTTY STREET,,OLD WASHERMANPET,,CHENNAI"
PADMAVATHY CLINIC,"122 A , REDHILLS ROAD BHARATH NAGAR AMBATTUR,CHENNAI,"
PADMINI NURSING HOME,"9, PACHIAYAPPAS COLLEGE HOSTEL ROAD,,CHETPET,,CHENNAI"
PALANI BALAJI FERTILITY CENTER AND HOSPITAL PRIVATE LIMITED,"NO.84/115, VELACHERY ROAD,,LITTLE MOUNT, SAIDAPET,,CHENNAI"
PALLAVA HOSPITAL,"37, I AVENUE,,ASHOK NAGAR,,CHENNAI"
PALLAVA HOSPITAL,"NO.19A, FIRST AVENUE,ASHOK NAGAR,CHENNAI"
PANKAJAM MEMORIAL HOSPITAL,"C-3, HINDU COLONY, ,NANGANALLUR,CHENNAI"
PANKAJAM MEMORIAL HOSPITAL,"NO.3 HINDU COLONY,NANGANALLUR,CHENNAI"
PARVATHAM HOSPITAL,"15, M.H.ROAD,,PERAMBUR ,CHENNAI"
PARVATHI HOSPITAL,"NO.1, RAJESWARI NAGAR, ,KARAMBAKKAM,,CHENNAI"
PARVATHI NURSING HOME,"798, JEEVANANDAM ROAD,,K.K.NAGAR,,CHENNAI"
PARVATHY NURSING HOME,"33,1ST CROSS STREET, RAJESWARI NAGAR,KARAMBAKKAM,CHENNAI"
PARVATHY NURSING HOME,"4, MOOPARAPAN STREET,,T.NAGAR,,CHENNAI"
PARVATHYAMMAL HOSPITAL,"13, IST STREET,,DURGADEVI NAGAR,,TONDIARPET, CHENNAI"
PAVITHRA NURSING HOME,"7, ETHIRAJ SALAI,,ERUKKANCHERY,,CHENNAI"
PEOPLE'S NURSING HOME,"16, NEW NATARAJAPURAM,,AMINJIKARAI,,CHENNAI"
PEOPLES NURSING HOME,"NO.16 NEW NATARAJAPURAM ,AMJIKARAI,CHENNAI"
PERAMBUR CWC,"100, KAMARAJAR II STREET,,CHENNAI,"
PERAMBUR CWC,"4, VADIVEL 2ND CROSS STREET,,PERAMBUR,,CHENNAI"
PERIYAR URBAN HEALTH CENTRE,"PERIYAR THIDAL ,VEPERY,CHENNAI"
PERUMALPET C.W.C.,"NO.30 KARIYAPPA MUDALI STREET,PERUMAL PET,CHENNAI"
PERUNGUDI UCHC,"SCHOOL ROAD,PERUNGUDI,CHENNAI"
PON MALLIGAI HOSPITAL PVT. LTD.,"NO.119, NEW AVADI ROAD,,KILPAUK,,CHENNAI"
PONMALLIGAI HOSPITAL,"FLAT NO.85, 2ND STREET,,TELEPHONE COLONY,,ADAMBAKKAM, CHENNAI"
PONMALLIGAI HOSPITAL PVT LTD,"182, KAKKAN NAGAR 1ST MAIN ROAD,ADAMBAKKAM,CHENNAI"
PONNAMMAL NURSING HOME,"64-C, IST MAIN ROAD,,ANNA NAGAR,,CHENNAI"
PONNI NURSING HOME,"28 A.V.M. STREET,VIRUGAMBAKKAM,CHENNAI"
PRADEEP NURSING HOME,"NO.1 BAJANAI KOIL STREET, NSC BOSE ROAD OFF,SWAMY NAGAR EXTN 4,PUZHUTHIVAKKAM. CHENNAI"
PRASAD CLINIC,"284 PURASAWAKKAM HIGH ROAD,CHENNAI ,"
PRASAD HOSPITAL,"TH ROAD,THIRUVOTRIYUR,CHENNAI"
PRASADS MULTI SPECIALITY HOSPITAL,"NO. 949, TH ROAD,,THIRUVOTTIYUR,CHENNAI"
PRASATH ENT 7 GYNEC CLINIC,"914,T.H. ROAD,THIRUVOTTIYUR,STATE BAND OF INDIA"
PRASATH NURSING HOME,"575, T.H.ROAD,,CHENNAI,"
PRASHANTH HOSPITAL,"77, HARRINGTON ROAD,,CHETPET,CHENNAI"
PRASHANTH MULTISPECIALITY HOSPITAL,"NO. 36 & 36A, VELACHERY MAIN ROAD,,VELACHERY,,CHENNAI."
PRASHANTH MULTISPECIALITY HOSPITAL,"NO. 36, 36A, VELACHERY MAIN ROAD,,VELACHERY,,CHENNAI."
PRASHANTH SPECIALITY HOSPITAL,"NO.36/36A VELACHERY MAIN ROAD,VELACHERY ,CHENNAI"
PRIMARY HEALTH CENTER,"HOSPITAL ROAD, ,PORUR, ,CHENNAI"
PRIMARY HEALTH CENTRE,"MUNICIPAL OFFICE COMPLEX,ULAGARAM ,CHENNAI"
PRIME CARE NURSING HOME,"NEW NO.3, OLD NO. 44, SAKTHI NAGAR MAIN ROAD,,ADAMBAKKAM,CHENNAI"
PRIME CARE NURSING HOME P LTD,"3, SAKTHI NAGAR MAIN ROAD, ,ADAMBAKKAM,CHENNAI"
PRIME CARE NURSING HOME (P) LTD,"3, SAKTHI NAGAR MAIN ROAD, ,ADAMBAKKAM,CHENNAI"
PRIME INDIAN HOSPITALS,"NO.1051, POONAMALLIE HIGH ROAD,ARUMBAKKAM,CHENNAI"
PRIMERY HEALTH CENTRE,",CHEMMENCHERI,CHENNAI"
PRIMERY HEALTH CENTRE,"CHEMMENCHERY,CHENNAI,"
PRIMERY HEALTH CENTRE,"OMR,DURAIPAKKAM,CHENNAI"
PRIYA HOSPITAL,"129, HABIBULLAH ROAD,,T.NAGAR,,CHENNAI"
PRIYA NURSING HOME,"B-2, KAPPAL POLU STREET,,CHENNAI,"
PRIYA NURSING HOME,"MRH ROAD,MADHAVARAM,CHENNAI"
PRIYA NURSING HOME,"NO. 10/18, PADDY FIELD ROAD,PERAMBUR, CHENNAI,"
PRIYA NURSING HOME,"NO.10/84,PADDY FIELD ROAD,PERMBUR,CHENNAI,CHENNAI"
PRIYA NURSING HOME,"NO.6/82 KAPPAL POLU STREET,OLD WASHERMENPET,,CHENNAI,CHENNAI"
PROMED HOSPITAL,"NO.1/10A ECR ROAD,KOTTIVAKKAM,CHENNAI"
PUBLIC HEALTH CENTRE,"114, LAKEVIEW ROAD,,WESTMAMBALAM,,CHENNAI"
PUDUPAKKAM C W C,"51 SELLAPILLAI KOIL STREET,CHENNAI ,"
PULIANTHOPE CWC,"40, THIRUVENGADASAMY STREET, ,CHENNAI,"
PURASAI HEALTH CARE CENTRE,"29, SUNDARAM STREET,,PURASAWALKAM,,CHENNAI"
Q.M. HOSPITAL DR.NATARAJAN,"157, YADAVAL STREET,CHENNAI,"
R.A. PURAM HEALTH POST,"NO.17, RAMAKRISHNA NAGAR,,IIND MAIN ROAD,,CHENNAI"
R.G.STONE UROLOGICAL RESEARCH INSTITUTE,"391/392, ANNA SALAI,SAIDAPET,CHENNAI"
R.K. NAGAR C.W.C,"60, BASIN BRIDGE ROAD,,OLD WASHERMENPET,,CHENNAI"
R.K.CLINIC,"8, THIRUVALLUVAR SALAI,,THIRUVANMIYUR,,CHENNAI"
R.K.GYNAEC AND MATERNITY HOSPITAL,"866, P.H.ROAD,,KILPAUK,,CHENNAI"
R.M.HOSPITAL,"A-1, SRINIVASAPURAM,,THIRUVANMIYUR,,CHENNAI"
R.R. MULTI SPECIALITY HOSPITAL,"NO. 258, T.H. ROAD, TRIPLICANE,CHENNAI,"
R.R.HOSPITAL,"SHENOY NAGAR,,CHENNAI,"
R.S. HOSPITAL,"NO.14,SIDCO MAIN ROAD,VIVEKANNANDA NAGAR,KODUNGAIYUR,CHENNAI"
R.S.P.HOSPITALS,"6, 9TH STREET,,NANDANAM EXTN.,CHENNAI"
RAASI HOSPITAL,"573, T.H.ROAD,,CHENNAI,"
RAGHAV CLINIC FOR NEW BORN BABIES,"91, EAST ROAD,,WEST CIT NAGAR,,CHENNAI"
RAGHAVI HOSPITAL,"XIITH BLOCK ,MUGAAPAIR EAST,CHENNAI"
RAGU NURSING HOME,"40/88,RAMAR KOIL STREET,RAM NAGAR,CHENNAI"
RAI MEMORIAL MEDICAL CENTRE,"562, ANNA SALAI,,TEYNAMPET,,CHENNAI"
RAILWAY HEALTH UNIT,"61,THIRUVOTTIYUR,CLOSED"
RAINBOW CHILDRENS HOSPITAL,"NO.157/160 ANNASALAI,GUINDY,CHENNAI,"
RAJ NURSING HOME,"1TH BLOCK MUGAAPAIR EAST,CHENNAI,"
RAJA CLINIC,"GIRIYAPPATHOTTAM,KATHIVAKKAM,SIVANPADAI VEEDHI"
RAJA SIR RAMASAWY MUDALIYAR MATERNITY HOSPITAL,"Cemetery Road,,Royapuram,,CHENNAI"
RAJA'S PLOY CLINIC,"45 N H ROAD,NUNGAMBAKKAM ,CHENNAI"
RAJALAKSHMI CLINIC,"5, VINAGAMPET STREET,,SAIDAPET,,CHENNAI"
RAJAM NURSING HOME DR.RAJAM,"NO.43,SATHYA NAGAR MAIN ROAD ,CHENNAI,"
RAJESH CLINIC,"54, OLD MAMBALAM SALAI,,SAIDAPET,,CHENNAI"
RAJESH CLINIC,"NO.4/30,,KUMARAN COLONY 1ST STREET,,SAIDAPET, CHENNAI"
RAJIV GANDHI GOVERNMENT GENERAL HOSPITAL,"E.V.R. ROAD,CHENNAI,"
RAJIV GANDHI GOVT. GENERAL HOSPITAL,"PH ROAD,,PARK TOWN,,CHENNAI"
RAJU HOSPITAL,"43, SOUTH USMAN ROAD,,T.NAGAR,,CHENNAI"
RAJU NURSING HOME,"7/1, LAKSHMANA NAGAR,,PAPER MILLS ROAD,,CHENNAI"
RAKKI NURSING HOME,"29/30,ORAGADAM ROAD VENKATAPURAM,CHENNAI,"
RAKSHITH HOSPITAL,"153,ARCOT ROAD,VALASARAVAKKAM,CHENNAI"
RAKSHITH HOSPITAL,"NO.163, ARCOT ROAD , VALASARAVAKKAM,CHENNAI"
RAM NURSING HOME,"248, T.H.ROAD, ,TONDIARPET,CHENNAI"
RAMAIAH NURSING HOME,"4, L.I.G.COLONY,CROSS ROAD,,NEW WASHERMANPET,,CHENNAI"
RAMANA POLY CLINIC,"320A/47-A, VELACHERY MAIN ROAD,,VELACHERY, ,CHENNAI"
RAMANATHAPURAM MATERNITY CENTE,"1,THIRUVOTTIYUR,THIRUVOTTIYUR,WIMCO"
RAMANATHAPURAM MATERNITY CENTR,"1,ERNAVOOR,THIRUVOTTIYUR,WIMCO"
RAMANATHAPURAM MATERNITY CENTR,"1,RAMANATHAPURAM,THIRUVOTTIYUR,WIMCO"
RAMANI HOSPITAL,"47, KAMARAJ SALAI,ASHOK NAGAR, ,CHENNAI"
RAMARAO POLY CLINIC,"NEW NO.261, OLD NO.829/2,,P.H.ROAD, KILPAUK,,CHENNAI"
RAMDEV NURSING HOME,"MANAGAPPAN STREET,SOWKAR PET,CHENNAI"
RAMIAH 24 HOURS CLINIC,"728 THIYAGI PERUMAL SALAI,NEW WASHERMENPET,CHENNAI"
RAMNATH CLINIC AND NURSING HOME,"828,P.H.ROAD,,KILPAUK,,CHENNAI"
RAMRAJ HOSPITAL,"P.H.ROAD,,CHENNAI,"
RANGA NURSING HOME,"287, T.H.ROAD,,OLDWASHERMANPET,,CHENNAI"
RANGA NURSING HOME,"36 T T K ROAD,TEYNAMPET,CHENNAI"
RANJITH HOSPITAL,"61, M.T.ROAD,,CHENNAI,"
RASI HOSPITAL,"573,T.H.ROAD,,CHENNAI,"
RATHI MED SPECIALITY HOSPITAL,"Q102 3RD AVENUE, ANNA NAGAR,CHENNAI,"
RATHIMED HOSPITAL,"102, Q BLOCK,3RD AVENUE,ANNA NAGAR, CHENNAI"
RATHIMED HOSPITAL,"Q-63, 3RD AVENUE,ANNA NAGAR,CHENNAI"
RATHINA CLINIC,"15, THOPPAI STREET,ROYAPURAM,CHENNAI"
RATHINAM NURSING HOME,"1, KALIYANGARAYAN 3RD LANE,,CHENNAI,"
RATHNA HOSPITAL,"PATHALA VINAYAKAR KOIL ST,PUZHUTHIVAKKAM,CHENNAI"
RATNA NURNSING HOME,"241 & 242 TRIPLICANE HIGH ROAD,CHENNAI ,"
RAVINA HEALTH CARE PVT LTD,"27/1, POONAMALLEE HIGH ROAD,,MADURAVOYAL,,CHENNAI"
RAYAL HOSPITAL,"NO.1, JAWAHARLAL NEHRU ROAD, ,ALWARTHIRU NAGAR, ,CHENNAI"
REGINA NURSING HOME,"3, MANDAPAM ROAD,KILPAUK,CHENNAI"
REGINA NURSING HOME,"3,MANDAPAM ROAD,,CHENNAI,"
REKHA HOSPITAL,"24, KAMARAJAR SALAI,,ASHOK NAGAR,,CHENNAI"
RESHMI MED HOSPITAL,"H3, 4/104, 1ST MAIN ROAD, ,MMDA COLONY, MADURAVOYAL,,CHENNAI"
RHEA HEALTH CARE PVT.LTD. MOTHER HOOD HOSPITAL,"NO. 542, T.T.K. ROAD, ALWARPET,,CHENNAI,"
RIGHT HOSPITAL,"NO.1, PROF. SUBRAMANIAM STREET,KILPAUK,CHENNAI"
RIGID HOSPITAL PVT.LTD.,"47/3, NEW AVADI ROAD,,CHENNAI,"
RITHERDON NURSING HOME,"RITHERDON ROAD,CHENNAI ,"
RMD NURSING HOME,"6, RAGAVIAH ROAD,,T.NAGAR,CHENNAI"
ROHIT HOSPITAL,"1030/96,T.H.ROAD,THIRUVOTTIYUR,RAJAKADAI"
ROHIT HOSPITAL,"98/1031, TH ROAD,,KALADIPET,,CHENNAI"
ROHIT HOSPITAL,"NO.98/1031 T.H ROAD,KALADIPET,CHENNAI"
ROTARY CENTRAL MARGARET SDNEY HOSPITALS,"13, 7TH STREET,, NANGANALLUR,CHENNAI"
ROTARY CENTRAL MARGARET SIDNEY HOSPITAL,"13,7TH STREET, NANGANALLUR,,CHENNAI,"
ROTARY MEDICAL CENTER,"1st Main Road, Estate, Ambattur,CHENNAI,"
ROYAL HOSPITAL,"1,JAWAHARLAL NEHRU STREET, ,CHENNAI"
ROYAL HOSPITAL,"NO.1, NEHRU STREET, ,ALWARTHIRUNAGAR,,VALASAVAKKAM, CHENNAI"
ROYAL MOTHE HOSPITAL,"NO.1/90, P.T RAJAN SALAI,ASHOK NAGAR,CHENNAI"
ROYAPURAM CWC,"1, VENKATESAN STREET,,FIRST LANE, ROYAPURAM,,CHENNAI"
ROYS HOSPITAL,"3/49, VALLUVAR SALAI,RAMAPURAM,CHENNAI"
ROYS HOSPITAL,"NO.3/49, VALLUVAR SALAI, ,RAMAPURAM, ,CHENNAI"
RPS HOSPITAL PVT.LTD,"NO.65/2, WATER CANAL ROAD, KORATTUR NORTH,CHENNAI,"
RSRM HOSPITAL,"70, CEMENTRY ROAD,,CHENNAI,"
RSRS. TRINITY ACUTE CARE HOSPITAL,"NO.33, DESIKAN ROAD,,MYLAPORE,,CHENNAI"
RUDRACELLA CLINIC CARE,"599,T.H.ROAD,,TONDIARPET,CHENNAI"
RUPA CLINIK,"NO.14, BAGIRATHI AMMAL STREET,,SRINIVASA AVENUE, R.A.PURAM,,CHENNAI"
RUTHRAAN HOSPITAL,"NO. 383, K.H. Road, ayanavaram,,Chennai,"
S K NURSING HOME,"1, DURAISWAMY STREET,,VADAPALANI,,CHENNAI"
S M HOSPITAL,"67, NEW STREET,,CHENNAI,"
S.K.S. NURSING HOME,"TVS COLONY ANNA NAGAR WEST EXTN,CHENNAI,"
S.M.HOSPITAL,"B-49, DR.RAMASAMY ROAD,,K.K.NAGAR,,CHENNAI"
S.M.V. NURSING HOME,"OLD NO.63/3, NEW NO.68, SOUTH SIVAN KOIL STREET,SAIDAPET ROAD,VADAPALANI, CHENNAI"
"S.N.N.MEDICAL CENTRE,","3, MANIKANDA MUDALI 9TH STREET,,CHENNAI,"
S.P. HOSPITAL,"11, EAST VELLALAR STREET, ,ADAMPAKKAM,CHENNAI"
S.R.M. MULTI SPECIALITY HOSPITAL,"BHARATHI SALAI, ,RAMAPURAM,,CHENNAI"
S.S. CLINIC,"6,6TH STREET,KATHIVAKKAM,ULAGANATHAPURAM"
S.S.HOSPITAL & SCAN CENTRE,"11,JEEVANLAL NAGAR,THIRUVOTTIYUR,AJAX"
S.S.NURSING HOME,"I SRP KOIL STREET,,T.V.K.NAGAR, ,CHENNAI"
S.S.S HOSPITAL,"924,T.H.ROAD,THIRUVOTTIYUR,ELLAIAMMAN KOIL"
S.S.S. NURSING HOME,"NO.2/6, CITAMBARAM NAGAR IIND STREET,MULAKUTHALLAM,CHENNAI"
S.V. HOME AND HOSPITAL,"50/88, PANCHALIAMMAN KOVIL STREET,,ARUMBAKKAM,,CHENNAI"
S.V.HOME FOR AGED,"ARUMBAKKAM,CHENNAI,"
SAHISHNATHA INSTITUTE OF MATERNAL AND CHILD HEALTH,"NO.2/614, PHILIPS STREET,,NEELANKARAI,,CHENNAI"
SAKKTHI NURSING HOME,"4-A,M.G.R.SALAI,NEHRU NAGAR,SALIGRAMAM,CHENNAI"
SAKTHI HOSPITAL AND RESEARCH CENTRE,"175, BIG STREET,,TRIPLICANE,,CHENNAI"
"SAKTHI HOSPITAL,","175, BIG STREET,,TRIPLICANE,,CHENNAI"
SAKTHI NURSHING HOME,"6, T.V.S NAGAR, PADI,CHENNAI,"
SAKTHI NURSING HOME,"81, CORAL MERCHANT STREET,,CHENNAI,"
SAKTHI NURSING HOME,"86/175, BIG STREET,,TRIPLICANE,,CHENNAI"
SAKTHI NURSING HOME AND SCAN CENTRE,"86 BIG STREET,TRIPLICANE,CHENNAI"
SAKTHI POLY CLINIC,"80A, ANNAI INDIRA NAGAR,,CHENNAI,"
SAKTHI S HOSPITAL,"46/1, WEST KALMANTABAM ROAD,ROYAPURAM,CHENNAI"
SAMPATH NURSING HOME,"NO.4&5, NACHIAPPAN STREET,,MYLAPORE,,CHENNAI"
SAMPATH NURSING HOME,"NO.4,5, NACHIAPPAN STREET,,MYLAPORE,,CHENNAI"
SANJEEVARAYANPET CWC,"194, SOLAIAPPAN STREET,,CHENNAI,"
SANJEEVARAYANPET CWC,"ROYAPURAM, ZONE 5,,OLD WASHERMENPET,,CHENNAI"
SANJEEVINI NURSING HOME,"80,KAPPAL POLU STREET,CHENNAI,"
SANKARA NETHRALAYA,"COLLEGE ROAD,,NUNGAMBAKKAM,,CHENNAI"
SANTHOME HEALTH POST,"NO.14, APPU MUDALI STREET,,2ND LANE, SANTHOME,,CHENNAI"
SANTHOSH HOSPITAL,"45, BROADWAY ROAD,,CHENNAI,"
SANTHOSH HOSPITALS P LTD.,"NO.1, 7TH AVENUE,,BESANT NAGAR,,CHENNAI"
SANTHOSH HOSPITALS (P) LTD.,"NO.1, 7TH AVENUE,,BESANT NAGAR,,CHENNAI"
SARALA NEUROLOGY HOSPITAL,"P.H.ROAD,,CHENNAI,"
SARASWATHI HOSPITAL,"250A,T.H. ROAD,,THIRUVOTTIYUR,CLOSED"
SARASWATHY MULTI SPECIALITY HOSPITALS,"BAZZAR ROAD SADASIVAM NAGAR,PUZHUTHIVAKKAM,CHENNAI"
SARATHY NURSING HOME,"28, VALLALAR 2ND ST., ,ADAMPAKKAM,CHENNAI"
SARAVANA HEART HOSPITAL,"1, SOMA SOUNDARAM STREET,,T.NAGAR,,CHENNAI"
SARAVANA HEART HOSPITAL,"NO.10/2, SOLAIAPPAN STREET,,T. NAGAR, CHENNAI,"
SAROJA MEDICAL AND HEALTH CARE CENTRE PVT LTD.,"59, RANGARAJAPURAM MAIN ROAD, ,KODAMBAKKAM,,CHENNAI"
SAROJA NURSING HOME,"176 K H ROAD,NUNGAMBAKKAM,CHENNAI"
SASTHALAYA HOSPITAL,"23, PUSHPA NAGAR, IST MAIN ROAD,,NUNGAMBAKKAM,,CHENNAI"
SASTHALAYA HOSPITAL,"PUSHPA NAGAR,NUNGAMBAKKAM,CHENNAI"
SATHIYA MULTISPEACIALITY HOSPITAL,"NO.32,SREE GANAPATHY NAGAR,,LAKSHMIPURAM KOLATHUR,CHENNAI"
SATHYABAMA DENTAL COLLEGE AND HOSPITAL,"JEPPIAAR NAGAR,,RAJIV GANDHI SALAI,CHENNAI"
SATHYABAMA GENERAL HOSPITAL,"JEPPIAAR NAGAR, RAGIV GANDHI SALAI, ,CHEMMANCHERRY,,CHENNAI"
SATYA SAI CLINIC,"15,18TH STREET,ULAGARAM ,CHENNAI"
SBS HOSPITAL,"NO.3, VTH MAIN ROAD,NATESAN NAGAR,VIRUGAMBAKKAM, CHENNAI"
SEETHAPATHY CLINIC,"241 ROYAPETTAH HIGH ROAD,CHENNAI ,"
SEETHAPATHY CLINIC AND HOSPITAL PVT. LTD.,"NO.128, ROYAPETTAH HIGH ROAD,,ROYAPETTAH,,CHENNAI"
SEETHAPATHY CLINIC AND HOSPITAL PVT. LTD. UNIT II,"4, 2ND STREET, DR. RADHAKRISHNAN ROAD, ,MYLAPORE, ,CHENNAI"
SELVA CLINIC,"202,KAMARAJ NAGAR 3rd St,THIRUVOTTIYUR,ERNAVOOR"
SELVA CLINIC & MATERNITY CENTR,"72,KAMARAJ NAGAR,THIRUVOTTIYUR,ERNAVOOR"
SELVARANGAM HOSPITAL,"C54, IST MAIN ROAD,,ANNA NAGAR,,CHENNAI"
SEMBIUM CWC,"238, P.M.ROAD,,CHENNAI,"
SEN POLY CLUNIC AND NURSING HOME,"319, P.M.ROAD,,PERAMBUR,CHENNAI"
SENTHIL NURSING HOME,"205A, IIND AVENUE,,THIURUMANGALAM,,ANNA NAGAR,CHENNAI"
SENTHIL PRIYA HOSPITAL,"NO.5C/3,5C/4,SIDCO MAIN ROAD,OPPOSITE TO EB, K.K.D NAGAR,CHENNAI"
SHAARAVE HOSPITAL,"NO.134,MINT STREET,SOWCARPET,CHENNAI., ,"
SHAKTHI MATERNITY CENTRE,"OLD NO.93,NEW NO.28,MUTHAMMAN KOIL STREET,,AYANAVARAM,CHENNAI"
SHAKUNTALA DEVI MATERNITY HOSPITAL,"NO.16, THANDAVARAYAN STREET,TODIARPET, CHENNAI,"
SHALOM MEDICAL CENTRE,"OLD NO-21,N.NO-45,RTHERDON ROAD,VEPERY,,CHENNAI"
SHALOM MEDICAL CENTRE,"OLD NO-21,NEW NO-45, RITHERDON ROAD,,VEPERY,,CHENNAI"
SHANMUGA SURGICAL & MEDICAL CENTRE,"1030/96,THIRUVOTTIYUR,RAJAKADAI"
SHANMUGA SURGICAL AND MEDICAL CENTRE,"1030/96,THIRUVOTTIYUR,RAJAKADAI"
SHANMUGAM MULTI SPECIALTY HOSPITAL,"NO.71/193 EAST MADHA CHURCH STREET,ROYAPURAM,CHENNAI"
SHANMUGAM SURG & MED CENTRE,"1031,T. H. ROAD,THIRUVOTTIYUR,RAJAKADAI"
SHANTA AYURVEDA HOSPITAL,"23A, NORTH BOAG ROAD,T. NAGAR,CHENNAI"
SHANTHI HOSPITAL,"ECR,NEELANKARAI,CHENNAI"
SHANTHI HOSPITAL,"NO.18 ,EAST COAST ROAD,,NEELANGARI,CHENNAI"
SHANTHI NURSING HOME,"34 G N CHETTY ROAD,T NAGAR,CHENNAI"
SHEEBA NURSING HOME,"13, TOLCATE,,R.D.JAWAR NAGAR,,CHENNAI"
SHEEFA NURSING HOME,"IIND BLOCK MUGAAPAIR EAST,CHENNAI,"
SHENOY NAGAR CWC,"NO 43,PULLA AVENUE,SHENOY NAGAR,CHENNAI"
SHENOY NAGAR CWC,"SHENOY NAGAR,,CHENNAI,"
SHENS SPECIALITY HOSPITAL,"NO.21/40,11TH AVENUE,,ASHOK NAGAR,CHENNAI"
SHEPHERD NURSING HOME,"19, KUMARAN NAGAR MAIN ROAD,,PERAVALLUR,,CHENNAI"
SHEPHERD NURSING HOME,"NO.19, KUMARAN NAGAR, 80FT MAIN ROAD, PERAVALLUR, CHENNAI,CHENNAI,CHENNAI"
SHIBA CLINIC,"4 MANICKA MAISTRY STREET,ROYAPETTAH ,CHENNAI"
SHIFA HOSPITAL AND RESEARCH CENTER,"93, TRIPLICANE HIGH ROAD,CHENNAI,"
SHIVA SUNDAR HOSPITALS,"NO.9, IST CROSS STREET,,SASTRI NAGAR,,ADYAR, CHENNAI"
SHREE HEALTH CARE,"NO.14, 2ND MAIN ROAD,DOCTROS COLONY,JAYANTHI NAGAR EXTENTION,KOLATHUR,CHENNAI"
SHRI VIGNESH HOSPITAL,"61, RAMASAMY STREET,,PULIANTHOPE,CHENNAI"
SHRI HARI HOSPITAL,"106, PULIANTHOPE HIGH ROAD, ,CHENNAI,"
SHRI HARIS HOSPITAL,"NO.14, PULIANTHOPE HIGH ROAD,PERMBUR BARRACKS,CHENN"
SHRI RAGAVA CLINIC,"18,THERADI STREET,PALLIKARANAI,CHENNAI"
SHYAMALA NURSING HOME,"32, CEMENTRY ROAD,,CHENNAI,"
SIBI HOSPITAL,"M.G.R.STREET,ULAGARAM ,CHENNAI"
SIBI HOSPITAL MULTI SPECIALITY CENTRE,"PLOT NO.5. MEDAVAKKAM MAIN ROAD, MADIPAKKAM,CHENNAI,"
SIMPSON GESETS HOSPITAL,"NO.1 DESI COLONY,3 RD STREET,PERAMBUR HIGH ROAD CHENNAI"
SIMS HOSPITAL,"21, Dr. THIRUMOORTHY NAGAR MAIN ROAD,,NUNGAMBAKKAM,,CHENNAI"
SINTHAMANI HOSPITAL,"NO.C64 BLOCK C, 1ST MAIN ROAD,ANNA NAGAR EAST,CHENNAI"
SINUS AND NOSE HOSPITAL,"NO.35A, SANTHOME HIGH ROAD,,MYLAPORE,,CHENNAI"
SIVA CHILDREN HOSPITAL AND FAMILY HEALTH CENTRE,"10A, AYODHYA COLONY,,VELACHERY - TARAMANI LINK ROAD,,VELACHERY, CHENNAI"
SIVA E.N.T. HOSPITAL,"94 AVVAI SHANMUGAM SALAI ,ROYAPETTAH,CHENNAI"
SIVA SUBRAMANIAM NURSING HOME,"1/28,VASUDEVAN ST ,E.C.R ROAD,KOTTIVAKKAM,CHENNAI"
SIVAGAMI CLINIC,"15,SATHANGADU CLINIC,THIRUVOTTIYUR,CLOSED"
SIVAM HOSPITAL,"PLOT NO.3, SRINIVASAN STREET, JAGADAMBAL COLONY,ULLAGARAM,CHENNAI"
SIVASAKTHI NURSING HOME,"7, VENKATESHWARA LANE,CHOOLAIMEDU,CHENNAI"
SIVASAKTHI NURSING HOME,"7, VENKATESHWARA LANE,,CHOOLAIMEDU,,CHENNAI"
SOORIYA HOSPITAL,"1, ARUNACHALAM ROAD,,SALIGRAMAM,,CHENNAI"
SORNAM MEDICAL CENTRE,"NO 323/214 KAMARAJ SALAI, ,MANALI"
SOUL HOSPITAL,"NO.19/2, S.R.P. KOIL STREET NORTH,PERAVALLUR,CHENNAI"
SOUL HOSPITAL,"OLDNO.47 NEW.NO.19/2,S.R.P KOIL STREET, AGARAM,THIRU.VI.KA.NAGAR,CHENNAI,CHENNAI,CHENNAI"
SOUNDARPANDIAN BONE AND JOINT HOSPITAL,"AA-16, 3RD MAIN ROAD, ,ANNA NAGAR, CHENNAI,"
SOUTHERN RAILWAY HOSPITAL,"6, RAILWAY HIGH ROAD,,PERAMBUR,,CHENNAI"
SPANDANA NURSING HOME,"VITH BLOCK MUGAAPAIR WEST,CHENNAI,"
SPOT HOSPITAL,"NO.36, DR. AMBEDKAR ROAD, ,KODAMBAKKAM,,CHENNAI"
SR MULTI SPECIALITY HOSPITAL,"NO.37, RAZACK GARDEN ROAD, M.M.D.A COLONY ARUMBAKKAM,CHENNAI,"
SRE VISA CLINIC PVT LTD,"NO.13,NEW BOAG ROAD,,T.NAGAR,,CHENNAI"
SREE RAMANA SURGICAL CLINIC,"38, VENKAT NARAYANA ROAD,,T.NAGAR,,CHENNAI"
SREE SAI KRISHNA POLY CLINIC HOSPITAL,"32, KILPAUK GARDEN ROAD,KILPAUK,CHENNAI"
SREE SEVA MANDIR,"54, K.KARUNANIDHI ROAD,,KAVERI RANGA NAGAR,,SALIGRAMAM,CHENNAI"
SRI BALA NURSING HOME,"46, S.R.P.KOIL STREET,,T.V.K.NAGAR,,CHENNAI"
"SRI BALA NURSING HOME,CHENNAI","NO.46,S.R.P.KOVIL STREET, NORTH ,T.V.K.NAGAR OPP.T.V.K.NAGAR BUS TERMINUS CHENNAI,CHENNAI,CHENNAI"
SRI BALAJI HOSPITAL,"1, LAWYER JAGANATHAN ST. ,GUINDY,CHENNAI"
SRI BALAJI HOSPITAL,"68, M.K.B.NAGAR,,CHENNAI,"
SRI BALAJI HOSPITAL,"MUGAPPAIR WEST,CHENNAI,"
SRI BALAJI HOSPITAL,"NEW NO.77, OLD NO. 36, ,BRICKKLIN ROAD,,CHENNAI"
SRI BALAJI HOSPITAL MULTI SPECIALITY HOSPITAL,"NO.77 BRIKKILN ROAD,CHENNAI,CHENNAI"
SRI BALAJI MAT.CLINIC,"9, SADAYAPPA MUDALI STREET,,SAIDAPET,,CHENNAI"
SRI CHAKRA MULTISPECIALITY HOSPITAL,"1, CIVIL AVIATION COLONY, 100 FEET ROAD, ,NANGANALLUR,CHENNAI"
SRI DEVI HOSPITAL,"ANNA NAGAR,CHENNAI,"
SRI DEVI SPECIALITY HOSPITAL,"NO.35, P.H.ROAD,,KOYAMBEDU,,CHENNAI"
SRI DURGA HEALTH CENTRE,"86/2,V.V.GIRI SALAI,VIVEKANANDA NAGAR,KODUNGAIYUR,CH118"
SRI GANESANS HOSPITAL,"13, T.V.K.STREET,,AYANAVARAM,,CHENNAI"
SRI HANU NURSING HOME,"NO.2/22, VANI NAGAR,, VALASARAVAKKAM, ,CHENNAI"
SRI HOSPITALS,"NO.7/32 VARADHARAJA PERUMAL KOIL STREET,TONDAIRPET ,CHENNAI"
"SRI KALYAN HOSPITALS,","KASTURIBA NAGAR,,ADYAR,,CHENNAI"
SRI KRISHNA CLINIC,"63, SOUTH WEST BOAG ROAD,,T.NAGAR,,CHENNAI"
SRI KUMARAN HEALTH CENTRE,"200 FT INNER RING ROAD,LAKSHMIPURAM,CHENNAI"
SRI KUMARAN HOSPITAL,"NO.532, S.N.CHETTY STREET,,ROYAPURAM,,CHENNAI"
SRI KUMARAN MULTI SPECIALITY HOSPITAL,"NO.532. SURYA NARAYANA STREET,,ROYAPURAM,CHENNAI"
SRI LAKSHMI CLINIC,"TANA STREET,,PURASAWALKAM,,CHENNAI"
SRI LAKSHMI CLINIC AND MATERNITY CENTER,"20A,TANA STREET,,PURASAIWALKAM,,CHENNAI"
SRI LAKSHMI CLINIC AND MATERNITY CENTRE,"NO. 20A, TANA STREET,PURASAIWALKAM,CHENNAI"
SRI LAKSHMI HOSPITAL,"CHURCH ROAD,PERUNGUDI,CHENNAI"
SRI MEENAKSHI NURSING HOME,"NO.3A, BARODA STREET,WEST MAMBALAM,CHENNAI"
SRI MEENAKSHI NURSING HOME PVT LTD,"NO.3-A, BARODA STREET, ,WEST MAMBALAM,,CHENNAI"
SRI MUKTHI CLINIC,"NO.147 HABIBULLA ROAD,T NAGAR,CHENNAI"
SRI NARAYANA MEDICAL CENTRE,"524, CTH ROAD,,AMBATTUR,,CHENNAI"
SRI RAGAVENDRA HOSPITAL,"NO.87/52A NORTH PARK STREET, AMBATTUR,CHENNAI,"
SRI RAM NURSING HOME,"7, PATEL ROAD,,PERAMBUR,,CHENNAI"
SRI RAMACHANDRA MEDICAL COLLEGE AND RESEARCH INSTITUTE,"RAMACHANDRA NAGAR,KARAMBAKKAM,CHENNAI"
SRI RAMAKRISHNA VIVEKANANDA URBAN F.W.CENTRE,"143, L.B.ROAD,,THIRUVANMIYUR,,CHENNAI"
SRI RANGA NURSING HOME,"NO.6, CHOCKALINGAM STREET,,MANDAVELI,,CHENNAI"
SRI SAAI KRS HOSPITAL,"7TH AVENUE, ,ASHOK NAGAR,,CHENNAI"
SRI SAI HOSPITAL,"36,V.G.P. AMUDHA NAGAR,MADURAVOYAL,CHENNAI"
SRI SAI HOSPITAL,"VGP AMUDHA NAGAR, ,MADURAVOYAL,CHENNAI"
SRI SAINATH HOSPITAL AND RESEACH INSTITUTE,"OLD NO.11, NEW NO. 9,MC. NICHOLS ROAD 4TH LANE,CHETPET, CHENNAI"
SRI SAKTHI MOTHER CHILD CARE CLINIC,"90, MKN ROAD, ,ALANDUR,CHENNAI"
"SRI SAKTHI NURSING HOME,","65, 12TH WEST STREET,,M.K.B.NAGAR,,CHENNAI"
SRI SELVAN NURSING HOME,"5/811, MOSQUE STREET,,KODUNGAIYUR,,CHENNAI"
"SRI SELVAN NURSING HOME,","5/811, MOSQUE STREET,,KODUNGAIYUR,,CHENNAI"
SRI SINGHVI HEALTH CENTRE,"NO.127, BRICKLIN ROAD,PURASAWALKAM,CHENNAI"
SRI SRINIVASA HOSPITAL,"47, RAILWAY STATION ROAD, ,KODAMBAKKAM,,CHENNAI"
SRI SRINIVASA HOSPITAL,"NO.47, RAILWAY STATION ROAD,,KODAMBAKKAM,,CHENNAI"
SRI TANISHQ NAKSHATHRA,"NO.170, TH ROAD,,THIRUVOTTIYUR,CHENNAI"
SRI TANISHQ NAKSHTHRA HOSPITAL,"NO.170 T.H ROAD,THIRUVOTRIYUR,CHENNAI"
SRI VAISHNAVI NURSING HOME,"C 57 SECOND MAIN ROAD,,THIRUVENGADA NAGAR, AMBATTUR,,CHENNAI"
SRI VAISHNAVI NURSING HOME,"THIRUVENKADA NAGAR IIND MAIN ROAD ,CHENNAI,"
SRI VEGNESH CLINIC,"C-15,THALANKUPPAM MAIN ROAD,KATHIVAKKAM,ULAGANATHAPURAM"
SRI VEGNESH CLINIC,"C-15,THLANKUPPAM MAIN ROAD,KATHIVAKKAM,ULAGANATHAPURAM"
SRI VENKATESWARA CLINIC,"K.H. ROAD,KATHIVAKKAM,SANJAIGANDHI NAGAR"
SRI VENUGOPAL CLINIC,"R.S. ROAD,KATHIVAKKAM,VALLUVAR NAGAR"
SRIMATHA CANCER CARE,"NO. 466, 3RD AVENUE, INDIRA NAGAR,,CHENNAI,"
SRINIVAS PRIYA HOSPITAL,"NO.106, PATEL ROAD,,PERAMBUR,CHENNAI"
SRINIVASA HOSPITAL,",KAMARAJ SALAI,MANALI"
SRINIVASA HOSPITAL,"NO.47, RAILWAY STATION ROAD,KODAMBAKKAM,CHENNAI"
SRINIVASAN RAJALAKSHMI MEMORIAL HOSPITAL,"11/77, VOLTAS COLONY, 1ST STREET,, NANGANALLUR,CHENNAI"
SRINIVASAPRIYA HOSPITAL,"89, PATEL ROAD, ,PERAMBUR,CHENNAI"
SRIVAHANI HOSPITAL,"ERUKKANCHERY ,CHENNAI,"
SRM HOSPITAL,"68, THAMBIAH ROAD,,WEST MAMBALAM,,CHENNAI"
SRM INSTITUTES FOR MEDICAL SCIENCE,"1,JAWAHARLAL NEHRU SALAI,VADAPALANI,,CHENNAI-,"
SRM SPECIALITY HOSPITAL,"BHARATHI SALAI, RAMAPURAM, ,CHENNAI"
SRM SPECIALITY HOSPITAL,"NO.1, BHARATHI SALAI,RAMAPURAM,CHENNAI"
SRUSHTI HOSPITAL,"1,PADMAVATHI STREET, THIRUMALAI NAGAR,RAMAPURAM,CHENNAI"
SRUSHTI HOSPITAL,"NO.1, PADMAVATHI STREET, THIRUMALAI NAGAR, ,RAMAPURAM, ,CHENNAI"
SSS HOSPITAL,"924, TH ROAD,,THIRUVOTTIYUR,,CHENNAI"
SSS HOSPITAL,"NO, 924, T.H. ROAD,THIRUVOTRIYUR,CHENNAI"
SSS HOSPITAL,"NO.924 TH ROAD,THIRUVOTRIYUR,CHENNAI"
SSUBHA HOSPITAL,"L-4,742, 53RD CROSS STREET,THIRUVALLUVAR NAGAR,,THIRUVANMIYUR,CHENNAI"
ST. ISABEL HOSPITAL,"49, OLIVER ROAD,MYLAPORE,CHENNAI"
ST. ANTONYS HOSPITAL,"ANTHONIYAR KOIL STREET,PUZHAL,CHENNAI"
ST. ANTONYS HOSPITAL,"MRH ROAD,MADHAVARAM,CHENNAI"
ST. ISABEL HOSPITAL,"49, OLIVER ROAD,MYLAPORE,CHENNAI"
ST. JOSEPH HOSPITAL,"NO.1, 2,3,4,5,6 THERUVEEDHIAMMAN KOIL STREET,, PORUR,,CHENNAI"
ST. JOSEPH OF CLUNY HOSPITAL,"5, PAPER MILLS ROAD,,PERAVALLUR,,CHENNAI"
ST.ANTONYS HOSPITAL,"MRH ROAD,MADHAVARAM,CHENNAI"
ST.JOSEPH OF CLUNY HOSPITAL,"5, PAPER MILLS ROAD,,PERAVALLUR,,CHENNAI"
ST.PIUS X HOSPITAL,"CHURCH ROAD,PERUNGUDI,CHENNAI"
STARLIGHT HOSPITALS PVT LTD,"OLD NO.3, NEW NO.11, NORTH MADA STREET,,THIRUVANMIYUR,,CHENNAI"
STN FAMILY CARE HOSPITAL,"5/3, 37TH STREET, THILLAI GANGA NAGAR,,NANGANALLUR,,CHENNAI"
SUBA HOSPITAL,"NO.89/39 MS KOIL STREET ,ROYAPURAM,CHENNAI"
SUBAM CLINIC,"294 TRIPLICANE HIGHR ROAD,CHENNAI ,"
SUBAM SPECIAL HOSPITAL,"46, AVM AVENUE,,VIRUGAMBAKKAM,,CHENNAI"
SUBASH HOSPITAL,"THATHANKUPPAM,VILLIVAKKAM,CHENNAI"
SUBHA NURSING HOME,"38, M.S.KOIL STREET,,ROYAPURAM,,CHENNAI"
SUBHASH NURSING HOME,"70, MUTHAMIZH NAGAR,,KODUNGAIYUR,3RD BLOCK,,CHENNAI"
SUBIKSHA NURSING HOME,"45, BUNDER GARDEN STREET,,PERAMBUR,,CHENNAI"
SUBIKSHA NURSING HOME,"NO.32,OLD NO.45, BUNDER GARDENT 2ND STREET,,PERAMBUR,CHENNAI"
SUBRAMANI HOSPITAL,"855,T.H.ROAD,THIRUVOTTIYUR,CLOSED"
SUDHA CLINIC,"740, T.H.ROAD,,CHENNAI,"
SUDHA HOSPITAL,"191, ADAM SAHIB STREET,ROYAPURAM,CHENNAI"
SUDHA HOSPITAL,"191, ADAM SAHIB STREET,,ROYAPURAM,,CHENNAI"
SUDHA HOSPITAL,"NO.18/51 ADAM SAHIB STREET PUMPING STATION ROAD,ROYAPURAM,CHENNAI"
"SUDHA HOSPITALS WOMEN, CHILD CARE AND FERTILITY CENTRE","940, EVR PERIYAR ROAD,,PURASAWAKKAM,CHENNAI"
SUDHA SURGICAL CLINIC,"19 DR RADHAKRISHNAN ROAD,MYLAPORE,CHENNAI"
SUGAIL NURSING HOME,"54, VIJAYARAGAVALU STREET,,CHENNAI,"
SUGAM HOSPITAL,"349,T. H. ROAD,THIRUVOTTIYUR,PERIYAR NAGAR"
SUGAM HOSPITAL,"349,T.H ROAD,THIRUVOTTIYUR,PERIYAR NAGAR"
SUGAM HOSPITAL,"NO.349 T.H. ROAD,THIRUVOTRIYUR,CHENNAI"
SUGAN HOSPITAL,"3/245/A, PANDIAN SALAI,NEELANKARAI,CHENNAI"
SUGANTHA HOSPITAL,"NO.51, RAMANUJAM STREET,OLD WASHERMENPET,CHENNAI"
SUGUNA NURSING HOME DR.ANNADURAI,"NO.55,MOORTHY NAGAR ,CHENNAI,"
SUHAIL NURSING HOME,"24,DR.VIJAYARAGAVALU ROAD,OLD WASHERMENPET,CH21"
SUKRTHI NURSING HOME,"NO.21. MULLAI STREET.,SIVA PRAKASAM NAGAR,RAMALINGAM MAIN ROAD,,PUZHUTHIVAKKAM. CHENNAI"
SUMAN HOSPITAL,"63-A1,A2,JANDRAWAR STREET,THIRUVOTTIYUR,RAJAKADAI"
SUMAN HOSPITAL,"NO. 40, SATHANGADU HIGH ROAD,,KALADIPET, THIRUVOTTIYUR,,CHENNAI"
SUMAN HOSPITAL,"NO.40 SATHANGADU HIGH ROAD,THIRUVOTRIYUR,CHENNAI"
SUMANGALI NURSING HOME,"267, T.H.ROAD,,CHENNAI,"
SUMITHIRA CLINIC,"K.H. ROAD,KATHIVAKKAM,THALANKUPPAM"
SUN NURSING HOME,"7, CORPORATION COLONY,,TONDIARPET,,CHENNAI"
SUNDARAM MEDICAL FOUNDATION,"9 C,SHANTHI COLONY,,ANNA NAGAR,,CHENNAI"
SUNDARAM MEDICAL FOUNDATION,"9-C,SHANTHI COLONY,,ANNA NAGAR,,CHENNAI"
SUNRAYS LAPAROSCOPIC CENTRE,"NO. 59, 11TH AVENUE, ASHOK NAGAR,,CHENNAI,"
SURAJ HOSPITALS,"NO.26, EX.SERVICEMEN COLONY 1ST STREET, PUDHU NAGAR MAIN ROAD, ,JALLADAMPET,,CHENNAI"
SUSI HOSPITAL,"NO.665 SUNDARA PANDIAN STREET,TVT,CHENNAI"
SWARAM HOSPITAL,"7, PLOY NO.6,,2ND EAST STREET,KAMARAJ NAGAR,,THIRUVANMIYUR,CHENNAI"
SWARAM MEDICARE & RESEARCH CENTRE PVT.LTD,"NO.13,DURAISWAMY NAICKER SECOND LANE,ECR LINK ROAD, SHOLINGANALLUR,CHENNAI119,CHENNAI,CHENNAI"
SWARAM POLY CLINIC,"DR. KALAINGNAR ROAD,SHOLINGANALLUR,CHENNAI"
SWASTHIK HEALTH CARE,"NO.2/1,1ST MAIN ROAD,,M.R. NAGAR,KODUNGAIYUR, CHENNAI"
SWATHI FERTILITY CENTRE,"NO.11A, KAMALAPURAM COLONY,,REDHILLS ROAD,,AMBATTUR, CHENNAI"
T.B. CENTRE,"MADRAS,.,."
TAMILNADU GOVERNMENT MULTI SUPER SPECIALITY HOSPITAL,"ANNA SALAI, OMANDURAR GARDEN,CHENNAI,"
TAMILNADU GOVERNMENT MULTI SUPER SPECIALITY HOSPITAL,"OMANDURAR,,GOVERNMENT ESTATE,,CHENNAI"
TARA MATERNITY AND SURGICAL CLINIC,"79, LINGI CHETTY STREET,,CHENNAI,"
TEJA NURSING MOME,"MTH ROAD KRISHNAPURAM ,CHENNAI,"
TESMAR HOSPITAL,"11 KUTTY THAMBIRAN STREET,PULIANTHOPE,CHENNAI"
TEST,"TEST,TEST,TEST"
THAI POLY CLINIC NURSING HOME,"77, SENGAZHUNIR PILLAIYAR KOIL STREET,,CHENNAI,"
THANGAMMAL CLINIC,"K.H. ROAD,KATHIVAKKAM,KATTUKUPPAM"
THAYAM NURSING HOME,"368, WEST AVENUE,,VYSARPADI,,CHENNAI"
THE ARYA VYSYA MAT.HOME AND CWC,"OLD NO. 158,,NEW NO.174, GOVINDAPPA NAICK.STREET,,CHENNAI"
THE BEST HOSPITAL,"9, VELLALA STREET,,KODAMBAKKAM,,CHENNAI"
THE CHILD TRUST HOSPITAL,"9 NUNGAMBAKKAM HIGH ROAD,NUNGAMBAKKAM ,CHENNAI"
THE PVT.HOSPITAL,"230, PURASAWALKAM HIGH ROAD,,CHENNAI,"
THE SPECIALISTS CLINIC AND HOSPITAL,"1/9, RAJAMANNAR SALAI,VIJAYARAGHAVAPURAM,CHENNAI"
THE SPEED MEDICAL CENTRE HOSPITALS,"NO. 527, POONAMALLE HIGH ROAD,ARUMBAKKAM,CHENNAI"
THIRUVENKADAM THARA NURSING HOME,"17 BESANT ROAD,ROYAPETTAH ,CHENNAI"
THIRUVOTIYUR UCHC HOSPITAL,"NO.185 NVN SOMU VALAGAM,THIRUVOTTIYUR,CHENNAI"
THULASI KRISHNA NURSING HOME,"3, FIRST STREET,,TAYLOR'S ESTATE,KODAMBAKKAM,,CHENNAI"
TOSH HOSPITAL PVT.LTD,"NO. 72, Ormes Road , Kilpauk, ,Chennai,"
TOSH HOSPITALS PVT. LTD,"NO. 34/72, ORMES ROAD, KILPAUK,CHENNAI,"
TRIPLICANE CWC,"14 T P KOIL II LANE,TRIPLICANE ,CHENNAI"
TRUST HOSPITAL,"122, MEDAVAKKAM TANK ROAD,,AYANAVARAM,,CHENNAI"
U MOHAN RAO MEMORIAL HOSPITAL,"962 POONAMALLEE HIGH ROAD,PURASAIWALKAM,CHENNAI"
U.K. HOSPITALS PVT LTD,"103/112, D-BLOCK, 1ST MAIN ROAD, ,ANNA NAGAR EAST,,CHENNAI"
U.S.HOSPITAL,"PL.NO.7, BALAKUMARAN NAGAR,,PART C, KOLATHUR,,CHENNAI"
URBAN COMMNITY HEALTH CENTE,"G.N.T.ROAD,PUZHAL,CHENNAI"
URBAN COMMNITY HEALTH CENTE,"URBAN COMMUNITY HEALTH CENTER ,PUZHAL ,CHENNAI"
URBAN FAMILY WELFARE CENTRE,"R,RTH STMANGALAPURAM,CHETPUT,CHENNAI"
URBAN HEALTHPOST,"KAMARAJ NAGAR,KATHIVAKKAM,KAMARAJ NAGAR"
URBAN PRIMARY HEALTH CENTRE,"NO.1 NEDUNZHEIYAN STREE MANALI,CHENNAI,"
URBAN PRIMARY HEALTH CENTRE,"THE MEDICAL OFFICER,OKKIYAM THURAIPAKKAM,UPHC,ZONE-15"
URBAN PRIMARY HEALTH CENTRE,"UPHC,CHEMMANCHERRY,CHENNAI"
US MEDICARE,"NO.5,SAMI PANDARAM STREET,CHINTADRIPET,,CHENNAI.,"
V S HOSPITAL,"13,EAST SPURTANK ROAD,CHETPET,CHENNAI"
V-CURE HOSPITAL,"97,DEVI KARUMARIAMMAN NAGAR,PALLIKARANAI,CHENNAI"
V.G.N. HOSPITAL,"6, SAPTHAGIRI NAGAR,,PUZHUTHIVAKKAM,CHENNAI"
V.K. NURSING HOME,"163A,GIRI STREET, R.K. NAGAR,ALWAR THIRUNAGAR,CHENNAI"
V.K. NURSING HOME,"NO.163-A,V.V. GIRI ST, ,ALWARTHIRU NAGAR, ,CHENNAI"
V.K.HOSPITAL,"77, ALAGAPPA ROAD,,CHENNAI,"
VADAPALANI CWC,"65, ARCOT ROAD,,VADAPALANI,,CHENNAI"
VADAPALANI CWC,"65, ARCOT ROAD, VADAPALANI,CHENNAI,"
VADAPALANI MULTI SPECIALITY HOSPITAL,"NO.33, VADAPALANI ANDAVAR KOIL STREET,VADAPALANI,CHENNAI"
VANDANA HOSPITAL,"96/24,VILLAGE STREET,THIRUVOTTIYUR,SATHANGADU"
VANDHANA HOSPITAL,"NO.96 VILLAGE STREET,SATHUMA NAGAR,CHENNAI"
VANI HOSPITAL,"DR.C.VANITHA,,THANDAVARAYAN MUDALI STREET, ,CHENNAI"
VARADHARAJA PURAM HEALTH POST,"VARADHARAJAPURAM,CHENNAI,"
VARMA NARSING HOME,"17,FIRST MAIN ROAD, I.I.T COLONY,PALLIKARANAI,CHENNAI"
VASAN EYE CARE,"ECR,NEELANKARAI,CHENNAI"
VASAN HEALTH CARE PVT LTD,"115/1, KAMARAJAR AVENUE 2ND STREET,ADYAR,CHENNAI"
VASAN HEALTH CARE PVT LTD,"149, PAPER MILLS ROAD,PERAVALLUR,CHENNAI"
VASAN HEALTH CARE PVT LTD,"310, T.T.K. ROAD,ALWARPET,CHENNAI"
VASAN HEALTH CARE PVT LTD,"383, ANNA SALAI,SAIDAPET,CHENNAI"
VASAN HEALTH CARE PVT LTD,"447, T.H. ROAD,PLD WASHERMENPET ,CHENNAI"
VASANTHA HOSPITAL,"NO.45/119 SANJEEVIRAYAN KOIL STREET,OLD WASHERNMPET ,CHENNAI"
VASANTHA NURSINGL HOME,"119, SANJEEVARAYAN KOIL STREET,,CHENNAI,"
VASANTHA SUBRAMANIAN HOSPITALS INDIA PVT LTD.,"NO.805/316, P.H.ROAD, KILPAUK, CHENNAI, ,"
VASANTHAM CANCER CARE CENTRE,"NO.26, SUBBA REDDY STREET,,WEST MAMBALAM,,CHENNAI"
VASANTHAMANI NURSING HOME,"136, JEEVA NAGAR,8TH STREET,,KORUKKUPET,,CHENNAI"
VASANTHI MEDICAL CENTRE,"CHENNAI ,CHENNAI ,CHENNAI"
VASANTHI ORTHOPAEDIC HOSPITAL,"CP-50, RAZACK GARDEN MAIN ROAD,ARUMBAKKAM, CHENNAI,"
VASVI POLY CLINIC,"10, SUBRAMANIYA MUDALI STREET,,KILPAUK,,CHENNAI"
VASVI POLY CLINIC,"NO.10, SUBRAMANI STREET,,PURASAWALKAM,,CHENNAI"
VEE CARE HOSPITAL,"NO. 106, PILLAIYAR KOIL STREET,THIRUMANGALAM, ANNA NAGAR WEST,CHENNAI"
VELACHERY H.P.,"2, SEVA NAGAR,,GANDHI ROAD,,VELACHERY, CHENNAI"
VELACHERY K.S. HOSPITAL,"14, SRI KRISHNA NAGAR,10TH CROSS STREET,A.G.S. COLONY, CHENNAI"
VELACHERY K.S.HOSPITAL,"14, SRI KRISHNA NAGAR,,10TH CROSS STREET, AGS COLONY,,CHENNAI"
VELAMMAL HOSPITALS,"191/3C,SCHOOL ROAD, T.S.K NAGAR, MUGAPPAIR,CHENNAI,"
VELS HEALTH CARE,"NO.63, RAGHAVAN STREET,,PERAMBUR,CHENNAI"
VENETHA NURSING HOME,"MRH ROAD,MADHAVARAM,CHENNAI"
VENKATAESWARA HOSPITALS,"NO.36-A, CHAMIERS ROAD,,NANDANAM, ,CHENNAI"
VENKATAPURAM HEALTH POST II,"VENKATAPURAM,AMBATHUR,CHENNAI"
VHM HOSPITAL PVT. LTD,"4, LALBAHADUR SASTRY STREET,,SATHYA GARDEN, SALIGRAMAM,,CHENNAI"
VHS MEDICAL CENTRE,"THARAMANI ROAD,,CHENNAI,"
VIDYA HOSPITAL,"22, K.B.DASAN ROAD, ,SEETHAMMAL COLONY,,ALWARPET,CHENNAI"
VIDYA NURSINGL HOME,"1, PARTHASARATHYPURAM,,T.NAGAR,,CHENNAI"
VIGNESH HOSPITAL,"36,POOTHAPERU MAIN ROAD, VENKATESWARA NAGAR,PORUR,CHENNAI"
VIGNESH HOSPITAL,"NO.36, POOTHAPEDU MAIN ROAD, ,PORUR, ,CHENNAI"
VIHAA HOSPITAL,"NO.5,E-BLOCK, 3RD AVENUE,,ANNA NAGAR EAST,,CHENNAI"
VIJAI S NURSING HOME,"39, WEST ROAD,,WEST CIT NAGAR,,CHENNAI"
VIJAY NURSING HOME,"15, 21ST AVENUE,,ASHOK NAGAR,,CHENNAI"
VIJAY NURSING HOME,"WEST CIT NAGAR,,CHENNAI,"
VIJAYA CLINIC,"29,T.H.ROAD,THIRUVOTTIYUR,CLOSED"
VIJAYA CLINIC,"GANDHI NAGAR,KATHIVAKKAM,GANDHI NAGAR"
VIJAYA CLINIC,"THLANKUPPAM,KATHIVAKKAM,THALANKUPPAM"
VIJAYA HEALTH CENTRE,"175, N.S.K. SALAI,VADAPALANI,CHENNAI"
VIJAYA HEALTH CENTRE,"NEW NO.323, OLD NO.175, N.S.K SALAI, ,VADAPALANI,CHENNAI"
VIJAYA HOSPITAL,"180, N.S.K. SALAI,VADAPALANI,CHENNAI"
VIJAYA HOSPITAL,"180, N.S.K.SALAI,,CHENNAI,"
VILLIVAKKAM HEALTH CENTRE,"NO.4, NEW AVADI ROAD,,VILLIVAKKAM,,CHENNAI"
VINAYAK CLINIC,"76,SOUTH MADA STREET,THIRUVOTTIYUR,THERADI"
VINU NURSING HOME,"21,RAMAKRISHNA NAGAR,THIRUVOTTIYUR,CLOSED"
VISA HOSPITAL,"27/1, SOUTH WEST BOAG ROAD,T. NAGAR,CHENNAI"
VSR HOSPITAL.,"Plot No. PC5, Block 10, Church Road,,Mogappair East,,Chennai"
WCF HOSPITAL,"1279-B, 1ST MAIN ROAD,,POOMBUHAR NAGAR,,KOLATHUR, CHENNAI"
WCF HOSPITAL,"NO.1279 B,POOMBUKAR LTD,KOLATHUR,CHENNAI-600099,CHENNAI,CHENNAI"
WELLINGDON HOSPITAL,"21 PHCRAFTS GARDEN ROAD,CHENNAI ,"
WEST MADRAS MEDICAL CENTRE,"W BLOCK 2 ND AVENUE,ANNA NAGAR ,CHENNAI"
"WEST MADRAS MEDICAL CENTRE,","98, SECOND AVENUE,,ANNA NAGAR,,CHENNAI"
WOMEN AND CHILDREN FOUNDATION HOSPITAL,"NO.13/14, NORTH USMAN ROAD,T.NAGAR,CHENNAI"
WOMEN AND CHILDREN FOUNDATION LTD,"NO.121/60, KALIAMMAN KOIL STREET,VIRUGAMBAKKAM,CHENNAI"
WOMEN AND CHILDREN FOUNDATION LTD.,"17, SANNADHI STREET,,VILLIVAKKAM,,CHENNAI"
WOMEN AND CHILDREN FOUNDATION LTD.,"BHARANI GARDEN,,22, ARCOT ROAD,,SALIGRAMAM, CHENNAI"
WOMEN AND CHILDREN HOSPITAL,"PANTHEON ROAD,,EGMORE,,CHENNAI"
XCELLENT CARE SUPER MULTI SPECIALITY HOSPITALS,"NO.7/26, JAGANATHAPURAM 8TH CROSS STREET,RAJALAKSHMI NAGAR, VELACHERY,CHENNAI"
YOGI NATURAL TREATMENT CENTRE,"3, ARYA GOWDA ROAD EXTENTION,WEST MAMBALAM,CHENNAI"
YOGI VEDA KUMARI HOSPITAL ENTERPRISED PVT.LTD.,"NO.14/2, DEVANATHAN STREET,,MANDAVELI,,CHENNAI"
YOURS CLINIC,"39,PALLAVAN NAGAR,MADURAVOYAL,CHENNAI"
ZOBRA MADANI HOSPITAL,"17 TRIPLICANE HIGH ROAD,CHENNAI ,"
ZUBEDA HOSPITAL LTD.,"10, DR.GURUSAMY ROAD,,CHENNAI,"
